SEQN,pipeline_prediction,shap_reconstructed_prediction,difference,absolute_difference
109266,271.00168,271.00167846679693,-5.684341886080802e-14,5.684341886080802e-14
109274,307.08762,307.08761596679693,-5.684341886080802e-14,5.684341886080802e-14
109285,299.2431,299.2431030273438,-5.684341886080802e-14,5.684341886080802e-14
109303,188.41812,188.41812133789068,-5.684341886080802e-14,5.684341886080802e-14
109312,240.49666,240.49665832519537,-5.684341886080802e-14,5.684341886080802e-14
109315,261.10193,261.10192871093756,-5.684341886080802e-14,5.684341886080802e-14
109322,239.5807,239.58070373535162,-5.684341886080802e-14,5.684341886080802e-14
109336,320.27173,320.27172851562506,-5.684341886080802e-14,5.684341886080802e-14
109337,285.666,285.66598510742193,-5.684341886080802e-14,5.684341886080802e-14
109342,264.28174,264.28173828125006,-5.684341886080802e-14,5.684341886080802e-14
109350,295.52432,295.5243225097657,-5.684341886080802e-14,5.684341886080802e-14
109360,196.69336,196.69335937500006,-5.684341886080802e-14,5.684341886080802e-14
109376,237.20584,237.20584106445318,-5.684341886080802e-14,5.684341886080802e-14
109378,290.02048,290.02047729492193,-5.684341886080802e-14,5.684341886080802e-14
109392,221.14748,221.14747619628912,-5.684341886080802e-14,5.684341886080802e-14
109395,222.78699,222.78698730468756,-5.684341886080802e-14,5.684341886080802e-14
109399,188.917,188.9170074462891,-2.842170943040401e-14,2.842170943040401e-14
109405,224.50421,224.5042114257813,-5.684341886080802e-14,5.684341886080802e-14
109411,206.44792,206.44792175292974,-5.684341886080802e-14,5.684341886080802e-14
109415,352.3119,352.31188964843756,-5.684341886080802e-14,5.684341886080802e-14
109426,278.9868,278.98678588867193,-5.684341886080802e-14,5.684341886080802e-14
109432,206.77263,206.77262878417974,-5.684341886080802e-14,5.684341886080802e-14
109435,292.25742,292.25741577148443,-5.684341886080802e-14,5.684341886080802e-14
109436,277.76068,277.7606811523438,-5.684341886080802e-14,5.684341886080802e-14
109450,193.01447,193.0144653320313,-5.684341886080802e-14,5.684341886080802e-14
109459,352.58273,352.58273315429693,-5.684341886080802e-14,5.684341886080802e-14
109465,210.29785,210.29785156250006,-5.684341886080802e-14,5.684341886080802e-14
109466,276.9783,276.9783020019532,-5.684341886080802e-14,5.684341886080802e-14
109472,349.46857,349.4685668945313,-5.684341886080802e-14,5.684341886080802e-14
109474,279.94254,279.9425354003907,-5.684341886080802e-14,5.684341886080802e-14
109482,241.69754,241.69754028320318,-5.684341886080802e-14,5.684341886080802e-14
109483,341.05304,341.0530395507813,-5.684341886080802e-14,5.684341886080802e-14
109508,335.62006,335.6200561523438,-5.684341886080802e-14,5.684341886080802e-14
109528,199.1039,199.10389709472662,-5.684341886080802e-14,5.684341886080802e-14
109530,286.87878,286.87878417968756,-5.684341886080802e-14,5.684341886080802e-14
109555,189.85979,189.85978698730474,-5.684341886080802e-14,5.684341886080802e-14
109565,310.7706,310.77059936523443,-5.684341886080802e-14,5.684341886080802e-14
109582,183.0073,183.00729370117193,-5.684341886080802e-14,5.684341886080802e-14
109585,226.84856,226.84855651855474,-5.684341886080802e-14,5.684341886080802e-14
109589,227.98297,227.9829711914063,-5.684341886080802e-14,5.684341886080802e-14
109594,245.34892,245.34892272949224,-5.684341886080802e-14,5.684341886080802e-14
109601,280.92917,280.92916870117193,-5.684341886080802e-14,5.684341886080802e-14
109602,243.71585,243.71585083007818,-5.684341886080802e-14,5.684341886080802e-14
109610,279.929,279.9289855957032,-5.684341886080802e-14,5.684341886080802e-14
109634,228.59981,228.59980773925787,-5.684341886080802e-14,5.684341886080802e-14
109657,246.96854,246.96853637695318,-5.684341886080802e-14,5.684341886080802e-14
109662,254.12436,254.12435913085943,-5.684341886080802e-14,5.684341886080802e-14
109667,252.93417,252.93417358398443,-5.684341886080802e-14,5.684341886080802e-14
109669,230.74004,230.74003601074224,-5.684341886080802e-14,5.684341886080802e-14
109676,226.5434,226.5433959960938,-5.684341886080802e-14,5.684341886080802e-14
109677,286.3215,286.32150268554693,-5.684341886080802e-14,5.684341886080802e-14
109689,188.91963,188.91963195800787,-5.684341886080802e-14,5.684341886080802e-14
109691,245.85594,245.855941772461,-5.684341886080802e-14,5.684341886080802e-14
109697,262.9091,262.9090881347657,-5.684341886080802e-14,5.684341886080802e-14
109706,196.72804,196.72804260253912,-5.684341886080802e-14,5.684341886080802e-14
109714,265.36545,265.36544799804693,-5.684341886080802e-14,5.684341886080802e-14
109721,340.3378,340.3377990722657,-5.684341886080802e-14,5.684341886080802e-14
109723,224.48267,224.48266601562506,-5.684341886080802e-14,5.684341886080802e-14
109727,224.90065,224.90065002441412,-5.684341886080802e-14,5.684341886080802e-14
109754,246.26823,246.26823425292974,-5.684341886080802e-14,5.684341886080802e-14
109763,258.5561,258.5560913085938,-5.684341886080802e-14,5.684341886080802e-14
109774,265.6754,265.67541503906256,-5.684341886080802e-14,5.684341886080802e-14
109795,190.53893,190.5389251708985,-5.684341886080802e-14,5.684341886080802e-14
109806,310.328,310.32800292968756,-5.684341886080802e-14,5.684341886080802e-14
109822,210.2194,210.21940612792974,-5.684341886080802e-14,5.684341886080802e-14
109844,343.2968,343.2968139648438,-5.684341886080802e-14,5.684341886080802e-14
109850,238.65038,238.650375366211,-5.684341886080802e-14,5.684341886080802e-14
109852,201.71446,201.7144622802735,-5.684341886080802e-14,5.684341886080802e-14
109855,200.46666,200.4666595458985,-5.684341886080802e-14,5.684341886080802e-14
109857,353.0972,353.0971984863282,-5.684341886080802e-14,5.684341886080802e-14
109864,231.97267,231.97267150878912,-5.684341886080802e-14,5.684341886080802e-14
109867,256.75888,256.75888061523443,-5.684341886080802e-14,5.684341886080802e-14
109869,275.13373,275.1337280273438,-5.684341886080802e-14,5.684341886080802e-14
109873,203.12099,203.12098693847662,-5.684341886080802e-14,5.684341886080802e-14
109874,242.48347,242.48347473144537,-5.684341886080802e-14,5.684341886080802e-14
109878,204.79356,204.7935638427735,-5.684341886080802e-14,5.684341886080802e-14
109895,352.32318,352.3231811523438,-5.684341886080802e-14,5.684341886080802e-14
109901,268.42892,268.42892456054693,-5.684341886080802e-14,5.684341886080802e-14
109902,292.6607,292.6607055664063,-5.684341886080802e-14,5.684341886080802e-14
109908,209.84521,209.84521484375006,-5.684341886080802e-14,5.684341886080802e-14
109910,257.5353,257.5353088378907,-5.684341886080802e-14,5.684341886080802e-14
109918,307.4415,307.44149780273443,-5.684341886080802e-14,5.684341886080802e-14
109931,230.10335,230.10334777832037,-5.684341886080802e-14,5.684341886080802e-14
109957,236.86938,236.86938476562506,-5.684341886080802e-14,5.684341886080802e-14
109960,295.29556,295.2955627441407,-5.684341886080802e-14,5.684341886080802e-14
109975,240.3746,240.37460327148443,-5.684341886080802e-14,5.684341886080802e-14
109980,231.022,231.02200317382818,-5.684341886080802e-14,5.684341886080802e-14
110004,207.61223,207.61222839355474,-5.684341886080802e-14,5.684341886080802e-14
110011,276.14215,276.1421508789063,-5.684341886080802e-14,5.684341886080802e-14
110018,183.88849,183.8884887695313,-5.684341886080802e-14,5.684341886080802e-14
110023,233.24695,233.24694824218756,-5.684341886080802e-14,5.684341886080802e-14
110043,214.78268,214.78268432617193,-5.684341886080802e-14,5.684341886080802e-14
110066,227.44469,227.4446868896485,-5.684341886080802e-14,5.684341886080802e-14
110068,239.44374,239.44374084472662,-5.684341886080802e-14,5.684341886080802e-14
110071,236.07979,236.07978820800787,-5.684341886080802e-14,5.684341886080802e-14
110083,204.2354,204.23539733886724,-5.684341886080802e-14,5.684341886080802e-14
110087,259.67023,259.6702270507813,-5.684341886080802e-14,5.684341886080802e-14
110090,320.24036,320.24035644531256,-5.684341886080802e-14,5.684341886080802e-14
110096,218.20547,218.20547485351568,-5.684341886080802e-14,5.684341886080802e-14
110107,261.76355,261.76354980468756,-5.684341886080802e-14,5.684341886080802e-14
110123,358.70282,358.7028198242188,-5.684341886080802e-14,5.684341886080802e-14
110124,295.86902,295.86901855468756,-5.684341886080802e-14,5.684341886080802e-14
110142,361.77478,361.77478027343756,-5.684341886080802e-14,5.684341886080802e-14
110144,284.7929,284.7929077148438,-5.684341886080802e-14,5.684341886080802e-14
110147,294.14777,294.1477661132813,-5.684341886080802e-14,5.684341886080802e-14
110162,220.62155,220.62155151367193,-5.684341886080802e-14,5.684341886080802e-14
110167,263.24796,263.2479553222657,-5.684341886080802e-14,5.684341886080802e-14
110171,188.47882,188.4788208007813,-5.684341886080802e-14,5.684341886080802e-14
110178,271.04913,271.0491333007813,-5.684341886080802e-14,5.684341886080802e-14
110180,260.2941,260.2940979003907,-5.684341886080802e-14,5.684341886080802e-14
110181,180.0419,180.04190063476568,-5.684341886080802e-14,5.684341886080802e-14
110190,195.3924,195.3923950195313,-5.684341886080802e-14,5.684341886080802e-14
110211,204.62317,204.62316894531256,-5.684341886080802e-14,5.684341886080802e-14
110213,260.2855,260.28549194335943,-5.684341886080802e-14,5.684341886080802e-14
110223,297.05505,297.05505371093756,-5.684341886080802e-14,5.684341886080802e-14
110225,318.11768,318.11767578125006,-5.684341886080802e-14,5.684341886080802e-14
110235,296.32108,296.3210754394532,-5.684341886080802e-14,5.684341886080802e-14
110246,242.25336,242.2533569335938,-5.684341886080802e-14,5.684341886080802e-14
110251,236.1856,236.18559265136724,-5.684341886080802e-14,5.684341886080802e-14
110273,314.60745,314.6074523925782,-5.684341886080802e-14,5.684341886080802e-14
110281,328.56735,328.56735229492193,-5.684341886080802e-14,5.684341886080802e-14
110293,224.89868,224.89868164062506,-5.684341886080802e-14,5.684341886080802e-14
110302,204.55379,204.55378723144537,-5.684341886080802e-14,5.684341886080802e-14
110307,225.36955,225.36955261230474,-5.684341886080802e-14,5.684341886080802e-14
110318,239.76791,239.76791381835943,-5.684341886080802e-14,5.684341886080802e-14
110321,285.4737,285.4736938476563,-5.684341886080802e-14,5.684341886080802e-14
110336,236.13046,236.13046264648443,-5.684341886080802e-14,5.684341886080802e-14
110345,200.5931,200.59309387207037,-5.684341886080802e-14,5.684341886080802e-14
110360,232.25441,232.25440979003912,-5.684341886080802e-14,5.684341886080802e-14
110381,292.92148,292.92147827148443,-5.684341886080802e-14,5.684341886080802e-14
110387,368.9735,368.97351074218756,-5.684341886080802e-14,5.684341886080802e-14
110389,247.44496,247.44496154785162,-5.684341886080802e-14,5.684341886080802e-14
110390,269.53122,269.53121948242193,-5.684341886080802e-14,5.684341886080802e-14
110408,209.06404,209.06404113769537,-5.684341886080802e-14,5.684341886080802e-14
110421,285.37964,285.37963867187506,-5.684341886080802e-14,5.684341886080802e-14
110431,221.10182,221.10182189941412,-5.684341886080802e-14,5.684341886080802e-14
110453,287.1084,287.10839843750006,-5.684341886080802e-14,5.684341886080802e-14
110461,240.48067,240.48066711425787,-5.684341886080802e-14,5.684341886080802e-14
110474,279.86758,279.8675842285157,-5.684341886080802e-14,5.684341886080802e-14
110476,215.7007,215.70069885253912,-5.684341886080802e-14,5.684341886080802e-14
110482,294.56534,294.5653381347657,-5.684341886080802e-14,5.684341886080802e-14
110488,294.82877,294.8287658691407,-5.684341886080802e-14,5.684341886080802e-14
110508,211.86913,211.869125366211,-5.684341886080802e-14,5.684341886080802e-14
110512,230.17943,230.179428100586,-5.684341886080802e-14,5.684341886080802e-14
110520,211.693,211.69299316406256,-5.684341886080802e-14,5.684341886080802e-14
110531,292.66846,292.66845703125006,-5.684341886080802e-14,5.684341886080802e-14
110534,200.60811,200.60810852050787,-5.684341886080802e-14,5.684341886080802e-14
110538,302.69885,302.69885253906256,-5.684341886080802e-14,5.684341886080802e-14
110541,318.20346,318.20346069335943,-5.684341886080802e-14,5.684341886080802e-14
110551,272.6637,272.66369628906256,-5.684341886080802e-14,5.684341886080802e-14
110575,288.5363,288.5362854003907,-5.684341886080802e-14,5.684341886080802e-14
110578,280.7278,280.7278137207032,-5.684341886080802e-14,5.684341886080802e-14
110582,283.83942,283.8394165039063,-5.684341886080802e-14,5.684341886080802e-14
110597,315.0196,315.0195922851563,-5.684341886080802e-14,5.684341886080802e-14
110598,293.97318,293.9731750488282,-5.684341886080802e-14,5.684341886080802e-14
110601,203.8196,203.81959533691412,-5.684341886080802e-14,5.684341886080802e-14
110602,197.55542,197.55541992187506,-5.684341886080802e-14,5.684341886080802e-14
110604,201.9387,201.938705444336,-5.684341886080802e-14,5.684341886080802e-14
110606,246.94215,246.94215393066412,-5.684341886080802e-14,5.684341886080802e-14
110623,263.28653,263.2865295410157,-5.684341886080802e-14,5.684341886080802e-14
110624,299.65762,299.6576232910157,-5.684341886080802e-14,5.684341886080802e-14
110627,239.03516,239.03515625000006,-5.684341886080802e-14,5.684341886080802e-14
110631,264.46893,264.4689331054688,-5.684341886080802e-14,5.684341886080802e-14
110632,258.03754,258.0375366210938,-5.684341886080802e-14,5.684341886080802e-14
110638,330.2003,330.20028686523443,-5.684341886080802e-14,5.684341886080802e-14
110665,291.02594,291.0259399414063,-5.684341886080802e-14,5.684341886080802e-14
110682,232.77069,232.7706909179688,-5.684341886080802e-14,5.684341886080802e-14
110690,280.37137,280.3713684082032,-5.684341886080802e-14,5.684341886080802e-14
110712,245.7114,245.71139526367193,-5.684341886080802e-14,5.684341886080802e-14
110740,196.3672,196.36720275878912,-5.684341886080802e-14,5.684341886080802e-14
110745,230.30966,230.30966186523443,-5.684341886080802e-14,5.684341886080802e-14
110747,330.5131,330.5130920410157,-5.684341886080802e-14,5.684341886080802e-14
110750,280.99347,280.9934692382813,-5.684341886080802e-14,5.684341886080802e-14
110759,272.84766,272.84765625000006,-5.684341886080802e-14,5.684341886080802e-14
110775,335.42087,335.42086791992193,-5.684341886080802e-14,5.684341886080802e-14
110780,263.87512,263.87512207031256,-5.684341886080802e-14,5.684341886080802e-14
110784,184.83836,184.83836364746097,-2.842170943040401e-14,2.842170943040401e-14
110791,228.18565,228.1856536865235,-5.684341886080802e-14,5.684341886080802e-14
110796,307.24844,307.2484436035157,-5.684341886080802e-14,5.684341886080802e-14
110800,216.49422,216.49421691894537,-5.684341886080802e-14,5.684341886080802e-14
110810,325.59158,325.5915832519532,-5.684341886080802e-14,5.684341886080802e-14
110816,231.83572,231.83572387695318,-5.684341886080802e-14,5.684341886080802e-14
110820,331.9676,331.9675903320313,-5.684341886080802e-14,5.684341886080802e-14
110876,273.93118,273.9311828613282,-5.684341886080802e-14,5.684341886080802e-14
110898,316.872,316.8720092773438,-5.684341886080802e-14,5.684341886080802e-14
110908,231.76775,231.76774597167974,-5.684341886080802e-14,5.684341886080802e-14
110917,223.45737,223.45736694335943,-5.684341886080802e-14,5.684341886080802e-14
110929,267.57834,267.57833862304693,-5.684341886080802e-14,5.684341886080802e-14
110963,248.98625,248.98625183105474,-5.684341886080802e-14,5.684341886080802e-14
110973,252.35466,252.35466003417974,-5.684341886080802e-14,5.684341886080802e-14
110980,328.94592,328.94592285156256,-5.684341886080802e-14,5.684341886080802e-14
110981,269.7439,269.74389648437506,-5.684341886080802e-14,5.684341886080802e-14
110999,189.30846,189.3084564208985,-5.684341886080802e-14,5.684341886080802e-14
111021,282.70822,282.70822143554693,-5.684341886080802e-14,5.684341886080802e-14
111030,221.20439,221.20439147949224,-5.684341886080802e-14,5.684341886080802e-14
111039,232.62102,232.62101745605474,-5.684341886080802e-14,5.684341886080802e-14
111042,315.20267,315.2026672363282,-5.684341886080802e-14,5.684341886080802e-14
111046,288.69556,288.69555664062506,-5.684341886080802e-14,5.684341886080802e-14
111047,246.54639,246.54638671875006,-5.684341886080802e-14,5.684341886080802e-14
111057,268.4866,268.4866027832032,-5.684341886080802e-14,5.684341886080802e-14
111058,320.85202,320.85202026367193,-5.684341886080802e-14,5.684341886080802e-14
111065,328.77737,328.7773742675782,-5.684341886080802e-14,5.684341886080802e-14
111071,305.75177,305.7517700195313,-5.684341886080802e-14,5.684341886080802e-14
111083,268.61368,268.6136779785157,-5.684341886080802e-14,5.684341886080802e-14
111089,193.60365,193.60365295410162,-5.684341886080802e-14,5.684341886080802e-14
111096,191.84315,191.84315490722662,-5.684341886080802e-14,5.684341886080802e-14
111098,269.08868,269.0886840820313,-5.684341886080802e-14,5.684341886080802e-14
111112,252.92284,252.922836303711,-5.684341886080802e-14,5.684341886080802e-14
111115,209.35742,209.35742187500006,-5.684341886080802e-14,5.684341886080802e-14
111120,265.10883,265.1088256835938,-5.684341886080802e-14,5.684341886080802e-14
111122,284.08923,284.08923339843756,-5.684341886080802e-14,5.684341886080802e-14
111123,283.29077,283.29077148437506,-5.684341886080802e-14,5.684341886080802e-14
111129,184.58043,184.5804290771485,-5.684341886080802e-14,5.684341886080802e-14
111140,282.23685,282.2368469238282,-5.684341886080802e-14,5.684341886080802e-14
111145,245.0806,245.08059692382818,-5.684341886080802e-14,5.684341886080802e-14
111153,261.67694,261.6769409179688,-5.684341886080802e-14,5.684341886080802e-14
111154,227.057,227.05700683593756,-5.684341886080802e-14,5.684341886080802e-14
111159,285.01822,285.0182189941407,-5.684341886080802e-14,5.684341886080802e-14
111167,190.51613,190.51612854003912,-5.684341886080802e-14,5.684341886080802e-14
111171,245.23386,245.23385620117193,-5.684341886080802e-14,5.684341886080802e-14
111175,279.8184,279.8183898925782,-5.684341886080802e-14,5.684341886080802e-14
111197,194.51642,194.5164184570313,-5.684341886080802e-14,5.684341886080802e-14
111215,274.1353,274.1353149414063,-5.684341886080802e-14,5.684341886080802e-14
111216,255.54881,255.548812866211,-5.684341886080802e-14,5.684341886080802e-14
111221,298.6255,298.62548828125006,-5.684341886080802e-14,5.684341886080802e-14
111236,313.67078,313.67077636718756,-5.684341886080802e-14,5.684341886080802e-14
111242,189.07228,189.07228088378912,-5.684341886080802e-14,5.684341886080802e-14
111244,256.45132,256.4513244628907,-5.684341886080802e-14,5.684341886080802e-14
111265,189.9437,189.94369506835943,-5.684341886080802e-14,5.684341886080802e-14
111268,216.62915,216.62915039062506,-5.684341886080802e-14,5.684341886080802e-14
111271,268.8147,268.81469726562506,-5.684341886080802e-14,5.684341886080802e-14
111279,324.9489,324.9489135742188,-5.684341886080802e-14,5.684341886080802e-14
111282,326.8474,326.84741210937506,-5.684341886080802e-14,5.684341886080802e-14
111286,217.58434,217.5843353271485,-5.684341886080802e-14,5.684341886080802e-14
111290,210.54022,210.5402221679688,-5.684341886080802e-14,5.684341886080802e-14
111299,250.57368,250.57368469238287,-5.684341886080802e-14,5.684341886080802e-14
111303,302.39023,302.39022827148443,-5.684341886080802e-14,5.684341886080802e-14
111305,251.98112,251.98112487792974,-5.684341886080802e-14,5.684341886080802e-14
111316,336.18726,336.18725585937506,-5.684341886080802e-14,5.684341886080802e-14
111318,331.27817,331.27816772460943,-5.684341886080802e-14,5.684341886080802e-14
111323,317.17093,317.1709289550782,-5.684341886080802e-14,5.684341886080802e-14
111326,247.7688,247.76879882812506,-5.684341886080802e-14,5.684341886080802e-14
111333,272.12582,272.12582397460943,-5.684341886080802e-14,5.684341886080802e-14
111343,248.81871,248.8187103271485,-5.684341886080802e-14,5.684341886080802e-14
111347,194.67249,194.67248535156256,-5.684341886080802e-14,5.684341886080802e-14
111349,198.66222,198.6622161865235,-5.684341886080802e-14,5.684341886080802e-14
111352,220.55539,220.55538940429693,-5.684341886080802e-14,5.684341886080802e-14
111355,278.16,278.16000366210943,-5.684341886080802e-14,5.684341886080802e-14
111370,267.58014,267.5801391601563,-5.684341886080802e-14,5.684341886080802e-14
111390,265.66882,265.66882324218756,-5.684341886080802e-14,5.684341886080802e-14
111395,366.61057,366.61056518554693,-5.684341886080802e-14,5.684341886080802e-14
111400,258.38504,258.3850402832032,-5.684341886080802e-14,5.684341886080802e-14
111414,195.7114,195.71139526367193,-5.684341886080802e-14,5.684341886080802e-14
111430,186.23386,186.23385620117193,-5.684341886080802e-14,5.684341886080802e-14
111443,297.43066,297.43066406250006,-5.684341886080802e-14,5.684341886080802e-14
111463,299.06818,299.0681762695313,-5.684341886080802e-14,5.684341886080802e-14
111493,294.26642,294.2664184570313,-5.684341886080802e-14,5.684341886080802e-14
111501,303.3004,303.30041503906256,-5.684341886080802e-14,5.684341886080802e-14
111502,317.91632,317.9163208007813,-5.684341886080802e-14,5.684341886080802e-14
111508,270.4516,270.4515991210938,-5.684341886080802e-14,5.684341886080802e-14
111519,261.20312,261.20312500000006,-5.684341886080802e-14,5.684341886080802e-14
111521,237.61082,237.610824584961,-5.684341886080802e-14,5.684341886080802e-14
111550,311.02893,311.02893066406256,-5.684341886080802e-14,5.684341886080802e-14
111551,250.29941,250.29940795898443,-5.684341886080802e-14,5.684341886080802e-14
111554,232.86487,232.86486816406256,-5.684341886080802e-14,5.684341886080802e-14
111558,246.734,246.7339935302735,-5.684341886080802e-14,5.684341886080802e-14
111563,319.78772,319.78771972656256,-5.684341886080802e-14,5.684341886080802e-14
111571,289.1954,289.19540405273443,-5.684341886080802e-14,5.684341886080802e-14
111572,220.153,220.15299987792974,-5.684341886080802e-14,5.684341886080802e-14
111585,250.4413,250.44129943847662,-5.684341886080802e-14,5.684341886080802e-14
111587,247.03676,247.03675842285162,-5.684341886080802e-14,5.684341886080802e-14
111592,182.44164,182.441635131836,-5.684341886080802e-14,5.684341886080802e-14
111599,237.29036,237.29035949707037,-5.684341886080802e-14,5.684341886080802e-14
111610,203.26218,203.26217651367193,-5.684341886080802e-14,5.684341886080802e-14
111613,228.82071,228.82070922851568,-5.684341886080802e-14,5.684341886080802e-14
111618,209.70528,209.70527648925787,-5.684341886080802e-14,5.684341886080802e-14
111646,197.77335,197.77334594726568,-5.684341886080802e-14,5.684341886080802e-14
111650,193.062,193.061996459961,-5.684341886080802e-14,5.684341886080802e-14
111651,287.416,287.41598510742193,-5.684341886080802e-14,5.684341886080802e-14
111652,179.86655,179.86654663085943,-5.684341886080802e-14,5.684341886080802e-14
111665,271.96713,271.96713256835943,-5.684341886080802e-14,5.684341886080802e-14
111667,204.54376,204.5437622070313,-5.684341886080802e-14,5.684341886080802e-14
111682,294.27133,294.27133178710943,-5.684341886080802e-14,5.684341886080802e-14
111692,266.5238,266.52380371093756,-5.684341886080802e-14,5.684341886080802e-14
111694,204.72862,204.7286224365235,-5.684341886080802e-14,5.684341886080802e-14
111705,207.2283,207.22830200195318,-5.684341886080802e-14,5.684341886080802e-14
111720,288.4301,288.4301147460938,-5.684341886080802e-14,5.684341886080802e-14
111726,253.40067,253.40066528320318,-5.684341886080802e-14,5.684341886080802e-14
111732,258.00818,258.00817871093756,-5.684341886080802e-14,5.684341886080802e-14
111739,199.0647,199.06469726562506,-5.684341886080802e-14,5.684341886080802e-14
111744,193.82121,193.82121276855474,-5.684341886080802e-14,5.684341886080802e-14
111745,343.6937,343.69369506835943,-5.684341886080802e-14,5.684341886080802e-14
111749,288.41324,288.4132385253907,-5.684341886080802e-14,5.684341886080802e-14
111756,281.37204,281.37203979492193,-5.684341886080802e-14,5.684341886080802e-14
111759,254.0285,254.0285034179688,-5.684341886080802e-14,5.684341886080802e-14
111774,240.71143,240.71142578125006,-5.684341886080802e-14,5.684341886080802e-14
111783,273.68686,273.68685913085943,-5.684341886080802e-14,5.684341886080802e-14
111802,206.01721,206.01721191406256,-5.684341886080802e-14,5.684341886080802e-14
111814,264.68005,264.68005371093756,-5.684341886080802e-14,5.684341886080802e-14
111828,309.51697,309.51696777343756,-5.684341886080802e-14,5.684341886080802e-14
111833,222.70692,222.70692443847662,-5.684341886080802e-14,5.684341886080802e-14
111839,257.39346,257.3934631347657,-5.684341886080802e-14,5.684341886080802e-14
111846,252.4564,252.4564056396485,-5.684341886080802e-14,5.684341886080802e-14
111866,245.53236,245.53236389160162,-5.684341886080802e-14,5.684341886080802e-14
111868,299.72205,299.72204589843756,-5.684341886080802e-14,5.684341886080802e-14
111878,232.20998,232.20997619628912,-5.684341886080802e-14,5.684341886080802e-14
111883,311.18732,311.1873168945313,-5.684341886080802e-14,5.684341886080802e-14
111884,257.43954,257.43954467773443,-5.684341886080802e-14,5.684341886080802e-14
111890,272.73578,272.7357788085938,-5.684341886080802e-14,5.684341886080802e-14
111908,238.71112,238.7111206054688,-5.684341886080802e-14,5.684341886080802e-14
111912,239.7928,239.79280090332037,-5.684341886080802e-14,5.684341886080802e-14
111917,348.28088,348.28088378906256,-5.684341886080802e-14,5.684341886080802e-14
111921,200.9008,200.90080261230474,-5.684341886080802e-14,5.684341886080802e-14
111929,239.14304,239.14303588867193,-5.684341886080802e-14,5.684341886080802e-14
111930,296.60333,296.6033325195313,-5.684341886080802e-14,5.684341886080802e-14
111942,264.75858,264.7585754394532,-5.684341886080802e-14,5.684341886080802e-14
111953,213.44371,213.4437103271485,-5.684341886080802e-14,5.684341886080802e-14
111956,259.99768,259.99768066406256,-5.684341886080802e-14,5.684341886080802e-14
111960,240.52109,240.52108764648443,-5.684341886080802e-14,5.684341886080802e-14
111964,196.61098,196.61097717285162,-5.684341886080802e-14,5.684341886080802e-14
111966,327.37793,327.37792968750006,-5.684341886080802e-14,5.684341886080802e-14
111973,291.21323,291.21322631835943,-5.684341886080802e-14,5.684341886080802e-14
111974,284.82178,284.82177734375006,-5.684341886080802e-14,5.684341886080802e-14
111977,286.82562,286.8256225585938,-5.684341886080802e-14,5.684341886080802e-14
111984,197.06407,197.0640716552735,-5.684341886080802e-14,5.684341886080802e-14
111989,186.30511,186.3051147460938,-5.684341886080802e-14,5.684341886080802e-14
112015,237.14937,237.14936828613287,-5.684341886080802e-14,5.684341886080802e-14
112018,292.2075,292.20748901367193,-5.684341886080802e-14,5.684341886080802e-14
112021,334.7018,334.7018127441407,-5.684341886080802e-14,5.684341886080802e-14
112033,191.8568,191.8567962646485,-5.684341886080802e-14,5.684341886080802e-14
112036,204.53992,204.53991699218756,-5.684341886080802e-14,5.684341886080802e-14
112040,278.17593,278.1759338378907,-5.684341886080802e-14,5.684341886080802e-14
112051,202.87108,202.871078491211,-5.684341886080802e-14,5.684341886080802e-14
112052,322.17404,322.17404174804693,-5.684341886080802e-14,5.684341886080802e-14
112055,220.4052,220.40519714355474,-5.684341886080802e-14,5.684341886080802e-14
112058,295.3096,295.3096008300782,-5.684341886080802e-14,5.684341886080802e-14
112060,224.5035,224.50349426269537,-5.684341886080802e-14,5.684341886080802e-14
112068,187.03691,187.03691101074224,-5.684341886080802e-14,5.684341886080802e-14
112073,207.12766,207.12765502929693,-5.684341886080802e-14,5.684341886080802e-14
112081,274.52725,274.5272521972657,-5.684341886080802e-14,5.684341886080802e-14
112102,254.38565,254.38565063476568,-5.684341886080802e-14,5.684341886080802e-14
112104,224.99077,224.99076843261724,-5.684341886080802e-14,5.684341886080802e-14
112115,327.47348,327.47348022460943,-5.684341886080802e-14,5.684341886080802e-14
112116,231.7716,231.77160644531256,-5.684341886080802e-14,5.684341886080802e-14
112125,208.1856,208.18559265136724,-5.684341886080802e-14,5.684341886080802e-14
112128,282.4926,282.4926147460938,-5.684341886080802e-14,5.684341886080802e-14
112132,300.79706,300.7970581054688,-5.684341886080802e-14,5.684341886080802e-14
112136,273.303,273.3030090332032,-5.684341886080802e-14,5.684341886080802e-14
112149,254.02187,254.02186584472662,-5.684341886080802e-14,5.684341886080802e-14
112156,256.17038,256.17037963867193,-5.684341886080802e-14,5.684341886080802e-14
112158,203.26955,203.26954650878912,-5.684341886080802e-14,5.684341886080802e-14
112182,312.9282,312.92819213867193,-5.684341886080802e-14,5.684341886080802e-14
112187,300.36502,300.3650207519532,-5.684341886080802e-14,5.684341886080802e-14
112201,180.48984,180.48983764648443,-5.684341886080802e-14,5.684341886080802e-14
112204,215.67546,215.67546081542974,-5.684341886080802e-14,5.684341886080802e-14
112230,314.27728,314.2772827148438,-5.684341886080802e-14,5.684341886080802e-14
112232,181.22241,181.22241210937506,-5.684341886080802e-14,5.684341886080802e-14
112233,293.67368,293.67367553710943,-5.684341886080802e-14,5.684341886080802e-14
112240,225.87103,225.8710327148438,-5.684341886080802e-14,5.684341886080802e-14
112242,298.18002,298.18002319335943,-5.684341886080802e-14,5.684341886080802e-14
112243,256.0112,256.01119995117193,-5.684341886080802e-14,5.684341886080802e-14
112244,239.28029,239.28028869628912,-5.684341886080802e-14,5.684341886080802e-14
112245,238.80026,238.80026245117193,-5.684341886080802e-14,5.684341886080802e-14
112248,287.39902,287.39901733398443,-5.684341886080802e-14,5.684341886080802e-14
112256,191.34792,191.34791564941412,-5.684341886080802e-14,5.684341886080802e-14
112265,226.1091,226.10910034179693,-5.684341886080802e-14,5.684341886080802e-14
112267,174.76968,174.7696838378907,-8.526512829121202e-14,8.526512829121202e-14
112268,299.29977,299.29977416992193,-5.684341886080802e-14,5.684341886080802e-14
112275,243.45486,243.45486450195318,-5.684341886080802e-14,5.684341886080802e-14
112276,228.30023,228.3002319335938,-5.684341886080802e-14,5.684341886080802e-14
112277,248.66585,248.66584777832037,-5.684341886080802e-14,5.684341886080802e-14
112308,200.22125,200.2212524414063,-5.684341886080802e-14,5.684341886080802e-14
112312,287.50302,287.50302124023443,-5.684341886080802e-14,5.684341886080802e-14
112314,299.46558,299.46557617187506,-5.684341886080802e-14,5.684341886080802e-14
112320,346.2584,346.25839233398443,-5.684341886080802e-14,5.684341886080802e-14
112329,190.4188,190.41879272460943,-5.684341886080802e-14,5.684341886080802e-14
112332,292.80603,292.80603027343756,-5.684341886080802e-14,5.684341886080802e-14
112345,222.79166,222.79165649414068,-5.684341886080802e-14,5.684341886080802e-14
112350,293.18958,293.18957519531256,-5.684341886080802e-14,5.684341886080802e-14
112354,280.06702,280.06701660156256,-5.684341886080802e-14,5.684341886080802e-14
112365,236.06711,236.06710815429693,-5.684341886080802e-14,5.684341886080802e-14
112374,193.3378,193.33779907226568,-5.684341886080802e-14,5.684341886080802e-14
112420,323.3798,323.3797912597657,-5.684341886080802e-14,5.684341886080802e-14
112423,200.06073,200.0607299804688,-5.684341886080802e-14,5.684341886080802e-14
112432,295.28574,295.28573608398443,-5.684341886080802e-14,5.684341886080802e-14
112437,220.98085,220.98085021972662,-5.684341886080802e-14,5.684341886080802e-14
112451,295.9273,295.9273071289063,-5.684341886080802e-14,5.684341886080802e-14
112479,187.82478,187.82478332519537,-5.684341886080802e-14,5.684341886080802e-14
112510,327.39545,327.3954467773438,-5.684341886080802e-14,5.684341886080802e-14
112513,240.89293,240.8929290771485,-5.684341886080802e-14,5.684341886080802e-14
112531,246.01353,246.0135345458985,-5.684341886080802e-14,5.684341886080802e-14
112550,264.4365,264.43649291992193,-5.684341886080802e-14,5.684341886080802e-14
112576,238.31903,238.3190307617188,-5.684341886080802e-14,5.684341886080802e-14
112580,257.51138,257.5113830566407,-5.684341886080802e-14,5.684341886080802e-14
112581,321.36798,321.3679809570313,-5.684341886080802e-14,5.684341886080802e-14
112584,230.0662,230.06619262695318,-5.684341886080802e-14,5.684341886080802e-14
112590,263.6305,263.63049316406256,-5.684341886080802e-14,5.684341886080802e-14
112600,303.8197,303.81970214843756,-5.684341886080802e-14,5.684341886080802e-14
112620,336.5782,336.5781860351563,-5.684341886080802e-14,5.684341886080802e-14
112630,296.73962,296.73962402343756,-5.684341886080802e-14,5.684341886080802e-14
112644,254.74228,254.74227905273443,-5.684341886080802e-14,5.684341886080802e-14
112648,302.78583,302.7858276367188,-5.684341886080802e-14,5.684341886080802e-14
112656,203.62706,203.6270599365235,-5.684341886080802e-14,5.684341886080802e-14
112659,197.22478,197.22477722167974,-5.684341886080802e-14,5.684341886080802e-14
112661,306.04315,306.0431518554688,-5.684341886080802e-14,5.684341886080802e-14
112684,294.4939,294.49389648437506,-5.684341886080802e-14,5.684341886080802e-14
112692,215.60857,215.60856628417974,-5.684341886080802e-14,5.684341886080802e-14
112710,287.65634,287.65634155273443,-5.684341886080802e-14,5.684341886080802e-14
112713,224.6249,224.62489318847662,-5.684341886080802e-14,5.684341886080802e-14
112728,258.53363,258.5336303710938,-5.684341886080802e-14,5.684341886080802e-14
112734,286.28952,286.28952026367193,-5.684341886080802e-14,5.684341886080802e-14
112738,304.86172,304.8617248535157,-5.684341886080802e-14,5.684341886080802e-14
112762,191.74919,191.74919128417974,-5.684341886080802e-14,5.684341886080802e-14
112767,250.96071,250.96070861816412,-5.684341886080802e-14,5.684341886080802e-14
112770,287.2901,287.2901000976563,-5.684341886080802e-14,5.684341886080802e-14
112776,186.76645,186.76644897460943,-5.684341886080802e-14,5.684341886080802e-14
112789,250.09096,250.09095764160162,-5.684341886080802e-14,5.684341886080802e-14
112792,212.8159,212.815902709961,-5.684341886080802e-14,5.684341886080802e-14
112839,183.74641,183.7464141845704,-8.526512829121202e-14,8.526512829121202e-14
112849,219.65594,219.6559448242188,-5.684341886080802e-14,5.684341886080802e-14
112853,319.44446,319.44445800781256,-5.684341886080802e-14,5.684341886080802e-14
112861,276.0837,276.08370971679693,-5.684341886080802e-14,5.684341886080802e-14
112864,235.03758,235.037582397461,-5.684341886080802e-14,5.684341886080802e-14
112883,316.54596,316.5459594726563,-5.684341886080802e-14,5.684341886080802e-14
112890,251.16934,251.16934204101568,-5.684341886080802e-14,5.684341886080802e-14
112892,207.04791,207.0479125976563,-5.684341886080802e-14,5.684341886080802e-14
112910,284.18506,284.18505859375006,-5.684341886080802e-14,5.684341886080802e-14
112926,284.27823,284.2782287597657,-5.684341886080802e-14,5.684341886080802e-14
112932,222.74304,222.74304199218756,-5.684341886080802e-14,5.684341886080802e-14
112939,316.0843,316.0842895507813,-5.684341886080802e-14,5.684341886080802e-14
112956,192.71176,192.71176147460943,-5.684341886080802e-14,5.684341886080802e-14
112960,247.69933,247.6993255615235,-5.684341886080802e-14,5.684341886080802e-14
112961,266.54276,266.5427551269532,-5.684341886080802e-14,5.684341886080802e-14
112966,279.24194,279.24194335937506,-5.684341886080802e-14,5.684341886080802e-14
112967,309.4656,309.4656066894532,-5.684341886080802e-14,5.684341886080802e-14
112968,213.5298,213.52980041503912,-5.684341886080802e-14,5.684341886080802e-14
112978,367.18347,367.18347167968756,-5.684341886080802e-14,5.684341886080802e-14
112997,306.8913,306.8912963867188,-5.684341886080802e-14,5.684341886080802e-14
112999,244.06544,244.06544494628912,-5.684341886080802e-14,5.684341886080802e-14
113001,196.73369,196.73368835449224,-5.684341886080802e-14,5.684341886080802e-14
113010,346.3285,346.32849121093756,-5.684341886080802e-14,5.684341886080802e-14
113027,198.93413,198.93412780761724,-5.684341886080802e-14,5.684341886080802e-14
113028,282.01624,282.01623535156256,-5.684341886080802e-14,5.684341886080802e-14
113030,262.95096,262.9509582519532,-5.684341886080802e-14,5.684341886080802e-14
113055,320.15808,320.15808105468756,-5.684341886080802e-14,5.684341886080802e-14
113073,263.91055,263.9105529785157,-5.684341886080802e-14,5.684341886080802e-14
113079,292.4931,292.4931030273438,-5.684341886080802e-14,5.684341886080802e-14
113092,265.0479,265.0479125976563,-5.684341886080802e-14,5.684341886080802e-14
113116,329.63553,329.6355285644532,-5.684341886080802e-14,5.684341886080802e-14
113119,287.56296,287.56295776367193,-5.684341886080802e-14,5.684341886080802e-14
113120,217.60742,217.60742187500006,-5.684341886080802e-14,5.684341886080802e-14
113122,292.37405,292.3740539550782,-5.684341886080802e-14,5.684341886080802e-14
113129,234.07172,234.0717163085938,-5.684341886080802e-14,5.684341886080802e-14
113137,268.55017,268.55017089843756,-5.684341886080802e-14,5.684341886080802e-14
113142,238.72015,238.7201538085938,-5.684341886080802e-14,5.684341886080802e-14
113143,303.4864,303.4863891601563,-5.684341886080802e-14,5.684341886080802e-14
113153,199.09254,199.09254455566412,-5.684341886080802e-14,5.684341886080802e-14
113162,303.20746,303.2074584960938,-5.684341886080802e-14,5.684341886080802e-14
113183,210.75264,210.75263977050787,-5.684341886080802e-14,5.684341886080802e-14
113186,200.88333,200.88333129882818,-5.684341886080802e-14,5.684341886080802e-14
113188,329.23605,329.23605346679693,-5.684341886080802e-14,5.684341886080802e-14
113190,258.1248,258.1247863769532,-5.684341886080802e-14,5.684341886080802e-14
113204,213.26414,213.264144897461,-5.684341886080802e-14,5.684341886080802e-14
113222,233.18817,233.1881713867188,-5.684341886080802e-14,5.684341886080802e-14
113223,238.4298,238.4297943115235,-5.684341886080802e-14,5.684341886080802e-14
113226,177.19798,177.197982788086,-5.684341886080802e-14,5.684341886080802e-14
113227,350.87952,350.87951660156256,-5.684341886080802e-14,5.684341886080802e-14
113249,264.90625,264.90625000000006,-5.684341886080802e-14,5.684341886080802e-14
113250,237.68933,237.68933105468756,-5.684341886080802e-14,5.684341886080802e-14
113256,264.08585,264.0858459472657,-5.684341886080802e-14,5.684341886080802e-14
113270,280.2264,280.22640991210943,-5.684341886080802e-14,5.684341886080802e-14
113271,266.77405,266.77404785156256,-5.684341886080802e-14,5.684341886080802e-14
113272,192.3536,192.3536071777344,-2.842170943040401e-14,2.842170943040401e-14
113274,260.7148,260.71481323242193,-5.684341886080802e-14,5.684341886080802e-14
113291,191.39868,191.39868164062506,-5.684341886080802e-14,5.684341886080802e-14
113302,200.86613,200.86613464355474,-5.684341886080802e-14,5.684341886080802e-14
113308,295.44073,295.4407348632813,-5.684341886080802e-14,5.684341886080802e-14
113333,278.16162,278.16162109375006,-5.684341886080802e-14,5.684341886080802e-14
113343,309.25885,309.2588500976563,-5.684341886080802e-14,5.684341886080802e-14
113350,281.15805,281.15805053710943,-5.684341886080802e-14,5.684341886080802e-14
113363,280.86237,280.8623657226563,-5.684341886080802e-14,5.684341886080802e-14
113371,314.6016,314.6015930175782,-5.684341886080802e-14,5.684341886080802e-14
113386,261.17065,261.17065429687506,-5.684341886080802e-14,5.684341886080802e-14
113394,194.07271,194.07270812988287,-5.684341886080802e-14,5.684341886080802e-14
113398,238.63547,238.63546752929693,-5.684341886080802e-14,5.684341886080802e-14
113401,170.25587,170.25587463378912,-5.684341886080802e-14,5.684341886080802e-14
113419,270.6808,270.68078613281256,-5.684341886080802e-14,5.684341886080802e-14
113435,293.9559,293.95590209960943,-5.684341886080802e-14,5.684341886080802e-14
113442,317.63336,317.6333618164063,-5.684341886080802e-14,5.684341886080802e-14
113446,330.2961,330.29611206054693,-5.684341886080802e-14,5.684341886080802e-14
113451,332.4624,332.46240234375006,-5.684341886080802e-14,5.684341886080802e-14
113462,248.52232,248.5223236083985,-5.684341886080802e-14,5.684341886080802e-14
113493,223.09933,223.09933471679693,-5.684341886080802e-14,5.684341886080802e-14
113497,210.5007,210.50070190429693,-5.684341886080802e-14,5.684341886080802e-14
113500,243.19057,243.19056701660162,-5.684341886080802e-14,5.684341886080802e-14
113511,280.9449,280.9448852539063,-5.684341886080802e-14,5.684341886080802e-14
113514,349.99933,349.9993286132813,-5.684341886080802e-14,5.684341886080802e-14
113526,293.12515,293.1251525878907,-5.684341886080802e-14,5.684341886080802e-14
113531,254.21805,254.21804809570318,-5.684341886080802e-14,5.684341886080802e-14
113539,326.99594,326.99594116210943,-5.684341886080802e-14,5.684341886080802e-14
113547,281.41513,281.41513061523443,-5.684341886080802e-14,5.684341886080802e-14
113558,216.28018,216.28018188476568,-5.684341886080802e-14,5.684341886080802e-14
113560,243.73882,243.73881530761724,-5.684341886080802e-14,5.684341886080802e-14
113569,288.29755,288.2975463867188,-5.684341886080802e-14,5.684341886080802e-14
113577,260.31342,260.3134155273438,-5.684341886080802e-14,5.684341886080802e-14
113578,203.3953,203.39529418945318,-5.684341886080802e-14,5.684341886080802e-14
113591,243.41156,243.4115600585938,-5.684341886080802e-14,5.684341886080802e-14
113597,305.6548,305.65478515625006,-5.684341886080802e-14,5.684341886080802e-14
113633,256.1799,256.17990112304693,-5.684341886080802e-14,5.684341886080802e-14
113638,199.45128,199.4512786865235,-5.684341886080802e-14,5.684341886080802e-14
113639,305.22098,305.2209777832032,-5.684341886080802e-14,5.684341886080802e-14
113642,323.60538,323.6053771972657,-5.684341886080802e-14,5.684341886080802e-14
113652,282.96732,282.9673156738282,-5.684341886080802e-14,5.684341886080802e-14
113674,272.22577,272.2257690429688,-5.684341886080802e-14,5.684341886080802e-14
113680,250.28789,250.28788757324224,-5.684341886080802e-14,5.684341886080802e-14
113690,190.99998,190.999984741211,-5.684341886080802e-14,5.684341886080802e-14
113716,222.76607,222.76606750488287,-5.684341886080802e-14,5.684341886080802e-14
113730,231.8876,231.88760375976568,-5.684341886080802e-14,5.684341886080802e-14
113733,300.40726,300.4072570800782,-5.684341886080802e-14,5.684341886080802e-14
113747,325.1686,325.1686096191407,-5.684341886080802e-14,5.684341886080802e-14
113750,356.66882,356.66882324218756,-5.684341886080802e-14,5.684341886080802e-14
113757,258.3616,258.3616027832032,-5.684341886080802e-14,5.684341886080802e-14
113767,345.05365,345.0536499023438,-5.684341886080802e-14,5.684341886080802e-14
113772,283.61337,283.61337280273443,-5.684341886080802e-14,5.684341886080802e-14
113777,258.0455,258.04550170898443,-5.684341886080802e-14,5.684341886080802e-14
113782,191.69467,191.69467163085943,-5.684341886080802e-14,5.684341886080802e-14
113785,314.9816,314.9815979003907,-5.684341886080802e-14,5.684341886080802e-14
113791,185.02403,185.0240325927735,-5.684341886080802e-14,5.684341886080802e-14
113807,274.1251,274.12509155273443,-5.684341886080802e-14,5.684341886080802e-14
113815,252.85847,252.85847473144537,-5.684341886080802e-14,5.684341886080802e-14
113816,329.76453,329.76452636718756,-5.684341886080802e-14,5.684341886080802e-14
113834,252.99188,252.9918823242188,-5.684341886080802e-14,5.684341886080802e-14
113840,283.11603,283.1160278320313,-5.684341886080802e-14,5.684341886080802e-14
113846,217.89078,217.89077758789068,-5.684341886080802e-14,5.684341886080802e-14
113848,193.51463,193.514633178711,-5.684341886080802e-14,5.684341886080802e-14
113849,200.4324,200.43240356445318,-5.684341886080802e-14,5.684341886080802e-14
113869,244.50108,244.5010833740235,-5.684341886080802e-14,5.684341886080802e-14
113893,258.12817,258.12817382812506,-5.684341886080802e-14,5.684341886080802e-14
113897,257.95892,257.9589233398438,-5.684341886080802e-14,5.684341886080802e-14
113899,333.48505,333.4850463867188,-5.684341886080802e-14,5.684341886080802e-14
113903,220.76445,220.76445007324224,-5.684341886080802e-14,5.684341886080802e-14
113925,226.72682,226.72682189941412,-5.684341886080802e-14,5.684341886080802e-14
113926,326.87213,326.8721313476563,-5.684341886080802e-14,5.684341886080802e-14
113938,194.953,194.95300292968756,-5.684341886080802e-14,5.684341886080802e-14
113939,187.97711,187.9771118164063,-5.684341886080802e-14,5.684341886080802e-14
113951,255.60541,255.6054077148438,-5.684341886080802e-14,5.684341886080802e-14
113971,252.34251,252.342514038086,-5.684341886080802e-14,5.684341886080802e-14
113973,277.13196,277.13195800781256,-5.684341886080802e-14,5.684341886080802e-14
113982,340.5446,340.5445861816407,-5.684341886080802e-14,5.684341886080802e-14
114027,277.63953,277.63952636718756,-5.684341886080802e-14,5.684341886080802e-14
114042,317.43805,317.4380493164063,-5.684341886080802e-14,5.684341886080802e-14
114045,329.07224,329.07223510742193,-5.684341886080802e-14,5.684341886080802e-14
114053,247.92195,247.92195129394537,-5.684341886080802e-14,5.684341886080802e-14
114056,258.6502,258.6502075195313,-5.684341886080802e-14,5.684341886080802e-14
114060,241.01608,241.01608276367193,-5.684341886080802e-14,5.684341886080802e-14
114068,209.27817,209.27816772460943,-5.684341886080802e-14,5.684341886080802e-14
114082,251.40657,251.40657043457037,-5.684341886080802e-14,5.684341886080802e-14
114117,233.36482,233.36482238769537,-5.684341886080802e-14,5.684341886080802e-14
114118,325.12476,325.12475585937506,-5.684341886080802e-14,5.684341886080802e-14
114148,292.03104,292.0310363769532,-5.684341886080802e-14,5.684341886080802e-14
114159,298.30093,298.3009338378907,-5.684341886080802e-14,5.684341886080802e-14
114162,324.7306,324.73059082031256,-5.684341886080802e-14,5.684341886080802e-14
114172,311.40936,311.4093627929688,-5.684341886080802e-14,5.684341886080802e-14
114173,272.48853,272.48852539062506,-5.684341886080802e-14,5.684341886080802e-14
114188,261.19525,261.1952514648438,-5.684341886080802e-14,5.684341886080802e-14
114219,278.5517,278.5516967773438,-5.684341886080802e-14,5.684341886080802e-14
114233,210.73392,210.73391723632818,-5.684341886080802e-14,5.684341886080802e-14
114237,273.22482,273.22482299804693,-5.684341886080802e-14,5.684341886080802e-14
114247,262.2907,262.2907104492188,-5.684341886080802e-14,5.684341886080802e-14
114254,245.16261,245.16261291503912,-5.684341886080802e-14,5.684341886080802e-14
114255,227.2652,227.2651977539063,-5.684341886080802e-14,5.684341886080802e-14
114268,266.0507,266.0506896972657,-5.684341886080802e-14,5.684341886080802e-14
114270,292.146,292.14599609375006,-5.684341886080802e-14,5.684341886080802e-14
114274,279.91998,279.9199829101563,-5.684341886080802e-14,5.684341886080802e-14
114277,219.00441,219.00440979003912,-5.684341886080802e-14,5.684341886080802e-14
114280,349.19324,349.19323730468756,-5.684341886080802e-14,5.684341886080802e-14
114287,244.39784,244.39784240722662,-5.684341886080802e-14,5.684341886080802e-14
114289,194.66115,194.66114807128912,-5.684341886080802e-14,5.684341886080802e-14
114291,307.96765,307.96765136718756,-5.684341886080802e-14,5.684341886080802e-14
114324,237.76181,237.76181030273443,-5.684341886080802e-14,5.684341886080802e-14
114327,305.09766,305.09765625000006,-5.684341886080802e-14,5.684341886080802e-14
114329,332.68903,332.6890258789063,-5.684341886080802e-14,5.684341886080802e-14
114340,286.94354,286.9435424804688,-5.684341886080802e-14,5.684341886080802e-14
114346,296.3157,296.3157043457032,-5.684341886080802e-14,5.684341886080802e-14
114375,339.7764,339.7763977050782,-5.684341886080802e-14,5.684341886080802e-14
114379,218.731,218.73100280761724,-5.684341886080802e-14,5.684341886080802e-14
114380,253.90417,253.90417480468756,-5.684341886080802e-14,5.684341886080802e-14
114383,284.55862,284.5586242675782,-5.684341886080802e-14,5.684341886080802e-14
114388,227.54135,227.54135131835943,-5.684341886080802e-14,5.684341886080802e-14
114403,212.87387,212.87387084960943,-5.684341886080802e-14,5.684341886080802e-14
114405,252.82501,252.8250122070313,-5.684341886080802e-14,5.684341886080802e-14
114406,321.75412,321.75411987304693,-5.684341886080802e-14,5.684341886080802e-14
114409,330.92953,330.92953491210943,-5.684341886080802e-14,5.684341886080802e-14
114412,235.56491,235.56491088867193,-5.684341886080802e-14,5.684341886080802e-14
114415,297.9685,297.96850585937506,-5.684341886080802e-14,5.684341886080802e-14
114423,263.95996,263.95996093750006,-5.684341886080802e-14,5.684341886080802e-14
114427,240.64983,240.64982604980474,-5.684341886080802e-14,5.684341886080802e-14
114456,276.41956,276.41955566406256,-5.684341886080802e-14,5.684341886080802e-14
114463,330.90317,330.90316772460943,-5.684341886080802e-14,5.684341886080802e-14
114472,284.35822,284.3582153320313,-5.684341886080802e-14,5.684341886080802e-14
114475,249.7419,249.74189758300787,-5.684341886080802e-14,5.684341886080802e-14
114478,187.15628,187.15628051757818,-5.684341886080802e-14,5.684341886080802e-14
114479,192.53777,192.53776550292974,-5.684341886080802e-14,5.684341886080802e-14
114483,330.00674,330.0067443847657,-5.684341886080802e-14,5.684341886080802e-14
114485,207.81708,207.8170776367188,-5.684341886080802e-14,5.684341886080802e-14
114486,250.88858,250.88858032226568,-5.684341886080802e-14,5.684341886080802e-14
114490,249.01425,249.01425170898443,-5.684341886080802e-14,5.684341886080802e-14
114496,212.92924,212.92924499511724,-5.684341886080802e-14,5.684341886080802e-14
114497,314.11804,314.11804199218756,-5.684341886080802e-14,5.684341886080802e-14
114505,235.2869,235.28689575195318,-5.684341886080802e-14,5.684341886080802e-14
114515,245.33572,245.33572387695318,-5.684341886080802e-14,5.684341886080802e-14
114517,277.106,277.1059875488282,-5.684341886080802e-14,5.684341886080802e-14
114530,246.42703,246.42703247070318,-5.684341886080802e-14,5.684341886080802e-14
114532,255.43672,255.43672180175787,-5.684341886080802e-14,5.684341886080802e-14
114533,240.60866,240.60865783691412,-5.684341886080802e-14,5.684341886080802e-14
114539,246.58646,246.58645629882818,-5.684341886080802e-14,5.684341886080802e-14
114540,260.52606,260.5260620117188,-5.684341886080802e-14,5.684341886080802e-14
114542,223.16908,223.16908264160162,-5.684341886080802e-14,5.684341886080802e-14
114543,232.8337,232.83369445800787,-5.684341886080802e-14,5.684341886080802e-14
114547,331.02002,331.02001953125006,-5.684341886080802e-14,5.684341886080802e-14
114548,248.21802,248.21801757812506,-5.684341886080802e-14,5.684341886080802e-14
114561,193.5108,193.5108032226563,-5.684341886080802e-14,5.684341886080802e-14
114573,229.45995,229.459945678711,-5.684341886080802e-14,5.684341886080802e-14
114581,189.22035,189.22035217285162,-5.684341886080802e-14,5.684341886080802e-14
114589,316.74783,316.7478332519532,-5.684341886080802e-14,5.684341886080802e-14
114595,274.1893,274.18930053710943,-5.684341886080802e-14,5.684341886080802e-14
114609,206.66512,206.66511535644537,-5.684341886080802e-14,5.684341886080802e-14
114612,242.77014,242.77014160156256,-5.684341886080802e-14,5.684341886080802e-14
114614,321.94037,321.9403686523438,-5.684341886080802e-14,5.684341886080802e-14
114637,332.1337,332.1336975097657,-5.684341886080802e-14,5.684341886080802e-14
114651,317.2582,317.2582092285157,-5.684341886080802e-14,5.684341886080802e-14
114653,263.78204,263.7820434570313,-5.684341886080802e-14,5.684341886080802e-14
114659,210.74556,210.74555969238287,-5.684341886080802e-14,5.684341886080802e-14
114660,189.14954,189.14953613281256,-5.684341886080802e-14,5.684341886080802e-14
114663,251.0955,251.09550476074224,-5.684341886080802e-14,5.684341886080802e-14
114664,316.4662,316.46618652343756,-5.684341886080802e-14,5.684341886080802e-14
114680,278.253,278.2529907226563,-5.684341886080802e-14,5.684341886080802e-14
114686,290.37204,290.37203979492193,-5.684341886080802e-14,5.684341886080802e-14
114687,287.45322,287.45321655273443,-5.684341886080802e-14,5.684341886080802e-14
114699,266.85797,266.8579711914063,-5.684341886080802e-14,5.684341886080802e-14
114709,232.762,232.76199340820318,-5.684341886080802e-14,5.684341886080802e-14
114710,184.40532,184.40531921386724,-5.684341886080802e-14,5.684341886080802e-14
114717,316.50372,316.5037231445313,-5.684341886080802e-14,5.684341886080802e-14
114723,207.85112,207.85111999511724,-5.684341886080802e-14,5.684341886080802e-14
114731,255.67377,255.6737670898438,-5.684341886080802e-14,5.684341886080802e-14
114732,209.09865,209.09864807128912,-5.684341886080802e-14,5.684341886080802e-14
114741,337.66647,337.66647338867193,-5.684341886080802e-14,5.684341886080802e-14
114746,259.77374,259.7737426757813,-5.684341886080802e-14,5.684341886080802e-14
114747,196.5982,196.5982055664063,-5.684341886080802e-14,5.684341886080802e-14
114749,230.81422,230.81422424316412,-5.684341886080802e-14,5.684341886080802e-14
114759,187.79677,187.79676818847662,-5.684341886080802e-14,5.684341886080802e-14
114765,291.56784,291.56784057617193,-5.684341886080802e-14,5.684341886080802e-14
114772,213.94858,213.94857788085943,-5.684341886080802e-14,5.684341886080802e-14
114798,225.04674,225.0467376708985,-5.684341886080802e-14,5.684341886080802e-14
114826,315.79657,315.7965698242188,-5.684341886080802e-14,5.684341886080802e-14
114828,293.79898,293.7989807128907,-5.684341886080802e-14,5.684341886080802e-14
114832,239.52972,239.5297241210938,-5.684341886080802e-14,5.684341886080802e-14
114848,227.80179,227.80178833007818,-5.684341886080802e-14,5.684341886080802e-14
114865,248.66086,248.66085815429693,-5.684341886080802e-14,5.684341886080802e-14
114868,238.20334,238.20333862304693,-5.684341886080802e-14,5.684341886080802e-14
114870,268.47455,268.4745483398438,-5.684341886080802e-14,5.684341886080802e-14
114879,236.11292,236.11291503906256,-5.684341886080802e-14,5.684341886080802e-14
114928,201.61784,201.61784362792974,-5.684341886080802e-14,5.684341886080802e-14
114944,332.53146,332.53146362304693,-5.684341886080802e-14,5.684341886080802e-14
114958,322.08374,322.08374023437506,-5.684341886080802e-14,5.684341886080802e-14
114963,214.51842,214.5184173583985,-5.684341886080802e-14,5.684341886080802e-14
114973,252.93288,252.93287658691412,-5.684341886080802e-14,5.684341886080802e-14
114997,209.08849,209.0884857177735,-5.684341886080802e-14,5.684341886080802e-14
115001,198.89679,198.8967895507813,-5.684341886080802e-14,5.684341886080802e-14
115005,261.31134,261.3113403320313,-5.684341886080802e-14,5.684341886080802e-14
115015,258.93597,258.9359741210938,-5.684341886080802e-14,5.684341886080802e-14
115018,265.33566,265.33566284179693,-5.684341886080802e-14,5.684341886080802e-14
115021,342.25848,342.2584838867188,-5.684341886080802e-14,5.684341886080802e-14
115035,289.2183,289.2182922363282,-5.684341886080802e-14,5.684341886080802e-14
115037,195.12102,195.12101745605474,-5.684341886080802e-14,5.684341886080802e-14
115047,245.07613,245.07612609863287,-5.684341886080802e-14,5.684341886080802e-14
115052,275.2822,275.28219604492193,-5.684341886080802e-14,5.684341886080802e-14
115055,227.6208,227.62080383300787,-5.684341886080802e-14,5.684341886080802e-14
115058,185.04999,185.0499877929688,-5.684341886080802e-14,5.684341886080802e-14
115090,337.5641,337.56408691406256,-5.684341886080802e-14,5.684341886080802e-14
115106,280.55585,280.5558471679688,-5.684341886080802e-14,5.684341886080802e-14
115115,247.48781,247.48780822753912,-5.684341886080802e-14,5.684341886080802e-14
115121,190.12471,190.12471008300787,-5.684341886080802e-14,5.684341886080802e-14
115143,253.68407,253.684066772461,-5.684341886080802e-14,5.684341886080802e-14
115158,202.87903,202.87902832031256,-5.684341886080802e-14,5.684341886080802e-14
115161,238.6229,238.62289428710943,-5.684341886080802e-14,5.684341886080802e-14
115163,206.58937,206.58937072753912,-5.684341886080802e-14,5.684341886080802e-14
115169,191.36679,191.36679077148443,-5.684341886080802e-14,5.684341886080802e-14
115171,259.7814,259.7814025878907,-5.684341886080802e-14,5.684341886080802e-14
115191,202.87813,202.87812805175787,-5.684341886080802e-14,5.684341886080802e-14
115192,299.09802,299.09802246093756,-5.684341886080802e-14,5.684341886080802e-14
115194,253.9126,253.91259765625006,-5.684341886080802e-14,5.684341886080802e-14
115202,276.83807,276.8380737304688,-5.684341886080802e-14,5.684341886080802e-14
115203,279.16415,279.16415405273443,-5.684341886080802e-14,5.684341886080802e-14
115209,206.35,206.35000610351568,-5.684341886080802e-14,5.684341886080802e-14
115218,225.02332,225.02331542968756,-5.684341886080802e-14,5.684341886080802e-14
115219,259.22394,259.2239379882813,-5.684341886080802e-14,5.684341886080802e-14
115225,255.65042,255.65042114257818,-5.684341886080802e-14,5.684341886080802e-14
115240,262.9002,262.9002075195313,-5.684341886080802e-14,5.684341886080802e-14
115254,255.5919,255.5919036865235,-5.684341886080802e-14,5.684341886080802e-14
115260,217.35078,217.35078430175787,-5.684341886080802e-14,5.684341886080802e-14
115261,279.70847,279.70846557617193,-5.684341886080802e-14,5.684341886080802e-14
115267,238.80473,238.80473327636724,-5.684341886080802e-14,5.684341886080802e-14
115284,200.6607,200.6607055664063,-5.684341886080802e-14,5.684341886080802e-14
115287,279.38898,279.3889770507813,-5.684341886080802e-14,5.684341886080802e-14
115290,238.17911,238.17910766601568,-5.684341886080802e-14,5.684341886080802e-14
115292,288.912,288.91198730468756,-5.684341886080802e-14,5.684341886080802e-14
115294,206.4309,206.430892944336,-5.684341886080802e-14,5.684341886080802e-14
115299,261.4268,261.4267883300782,-5.684341886080802e-14,5.684341886080802e-14
115300,277.67056,277.6705627441407,-5.684341886080802e-14,5.684341886080802e-14
115304,282.2543,282.2543029785157,-5.684341886080802e-14,5.684341886080802e-14
115307,245.5524,245.55239868164068,-5.684341886080802e-14,5.684341886080802e-14
115376,219.46915,219.46914672851568,-5.684341886080802e-14,5.684341886080802e-14
115379,317.63397,317.6339721679688,-5.684341886080802e-14,5.684341886080802e-14
115383,252.37413,252.3741302490235,-5.684341886080802e-14,5.684341886080802e-14
115395,232.07372,232.073715209961,-5.684341886080802e-14,5.684341886080802e-14
115403,210.24348,210.24348449707037,-5.684341886080802e-14,5.684341886080802e-14
115432,193.82774,193.8277435302735,-5.684341886080802e-14,5.684341886080802e-14
115447,232.23857,232.23857116699224,-5.684341886080802e-14,5.684341886080802e-14
115450,243.11284,243.11283874511724,-5.684341886080802e-14,5.684341886080802e-14
115465,247.94072,247.94071960449224,-5.684341886080802e-14,5.684341886080802e-14
115467,268.1177,268.1177062988282,-5.684341886080802e-14,5.684341886080802e-14
115473,225.47675,225.4767456054688,-5.684341886080802e-14,5.684341886080802e-14
115502,223.67276,223.67276000976568,-5.684341886080802e-14,5.684341886080802e-14
115531,338.97156,338.97155761718756,-5.684341886080802e-14,5.684341886080802e-14
115535,180.56886,180.56886291503912,-5.684341886080802e-14,5.684341886080802e-14
115546,298.6892,298.68920898437506,-5.684341886080802e-14,5.684341886080802e-14
115558,312.11835,312.1183471679688,-5.684341886080802e-14,5.684341886080802e-14
115572,207.77074,207.770736694336,-5.684341886080802e-14,5.684341886080802e-14
115584,230.19563,230.19563293457037,-5.684341886080802e-14,5.684341886080802e-14
115585,305.6561,305.65609741210943,-5.684341886080802e-14,5.684341886080802e-14
115611,285.48303,285.48303222656256,-5.684341886080802e-14,5.684341886080802e-14
115617,250.57692,250.57691955566412,-5.684341886080802e-14,5.684341886080802e-14
115639,242.22441,242.22441101074224,-5.684341886080802e-14,5.684341886080802e-14
115644,326.26526,326.26525878906256,-5.684341886080802e-14,5.684341886080802e-14
115649,247.68523,247.68522644042974,-5.684341886080802e-14,5.684341886080802e-14
115677,214.70299,214.7029876708985,-5.684341886080802e-14,5.684341886080802e-14
115683,230.94296,230.94296264648443,-5.684341886080802e-14,5.684341886080802e-14
115698,277.26816,277.26815795898443,-5.684341886080802e-14,5.684341886080802e-14
115701,229.94315,229.94314575195318,-5.684341886080802e-14,5.684341886080802e-14
115705,271.87244,271.87243652343756,-5.684341886080802e-14,5.684341886080802e-14
115741,201.72717,201.72717285156256,-5.684341886080802e-14,5.684341886080802e-14
115746,249.54816,249.5481567382813,-5.684341886080802e-14,5.684341886080802e-14
115751,269.65707,269.65707397460943,-5.684341886080802e-14,5.684341886080802e-14
115766,239.26367,239.26367187500006,-5.684341886080802e-14,5.684341886080802e-14
115772,220.98369,220.98368835449224,-5.684341886080802e-14,5.684341886080802e-14
115775,211.86496,211.86495971679693,-5.684341886080802e-14,5.684341886080802e-14
115780,227.66176,227.66175842285162,-5.684341886080802e-14,5.684341886080802e-14
115801,270.67294,270.67294311523443,-5.684341886080802e-14,5.684341886080802e-14
115815,280.8197,280.81970214843756,-5.684341886080802e-14,5.684341886080802e-14
115846,271.41898,271.4189758300782,-5.684341886080802e-14,5.684341886080802e-14
115856,237.57042,237.5704193115235,-5.684341886080802e-14,5.684341886080802e-14
115861,298.50345,298.5034484863282,-5.684341886080802e-14,5.684341886080802e-14
115878,225.0224,225.0223999023438,-5.684341886080802e-14,5.684341886080802e-14
115880,219.36452,219.36451721191412,-5.684341886080802e-14,5.684341886080802e-14
115882,230.16125,230.16125488281256,-5.684341886080802e-14,5.684341886080802e-14
115883,226.03645,226.03645324707037,-5.684341886080802e-14,5.684341886080802e-14
115891,334.20575,334.2057495117188,-5.684341886080802e-14,5.684341886080802e-14
115903,206.6353,206.63529968261724,-5.684341886080802e-14,5.684341886080802e-14
115909,328.32898,328.32897949218756,-5.684341886080802e-14,5.684341886080802e-14
115915,238.55948,238.55947875976568,-5.684341886080802e-14,5.684341886080802e-14
115951,253.51492,253.51492309570318,-5.684341886080802e-14,5.684341886080802e-14
115963,251.09396,251.09396362304693,-5.684341886080802e-14,5.684341886080802e-14
115965,284.44742,284.4474182128907,-5.684341886080802e-14,5.684341886080802e-14
115981,198.32672,198.3267211914063,-5.684341886080802e-14,5.684341886080802e-14
115983,271.1167,271.11669921875006,-5.684341886080802e-14,5.684341886080802e-14
115988,276.64444,276.6444396972657,-5.684341886080802e-14,5.684341886080802e-14
115989,277.16168,277.1616821289063,-5.684341886080802e-14,5.684341886080802e-14
116000,266.72516,266.7251586914063,-5.684341886080802e-14,5.684341886080802e-14
116012,274.02417,274.02416992187506,-5.684341886080802e-14,5.684341886080802e-14
116014,198.68532,198.68531799316412,-5.684341886080802e-14,5.684341886080802e-14
116019,268.7726,268.7726135253907,-5.684341886080802e-14,5.684341886080802e-14
116036,283.95605,283.95605468750006,-5.684341886080802e-14,5.684341886080802e-14
116038,263.88913,263.88912963867193,-5.684341886080802e-14,5.684341886080802e-14
116042,196.16515,196.1651458740235,-5.684341886080802e-14,5.684341886080802e-14
116055,189.66519,189.66519165039068,-5.684341886080802e-14,5.684341886080802e-14
116061,255.4672,255.46719360351568,-5.684341886080802e-14,5.684341886080802e-14
116062,265.4894,265.4894104003907,-5.684341886080802e-14,5.684341886080802e-14
116065,331.16794,331.16793823242193,-5.684341886080802e-14,5.684341886080802e-14
116079,309.14444,309.1444396972657,-5.684341886080802e-14,5.684341886080802e-14
116104,241.87602,241.87602233886724,-5.684341886080802e-14,5.684341886080802e-14
116120,287.36945,287.3694458007813,-5.684341886080802e-14,5.684341886080802e-14
116144,333.6827,333.68270874023443,-5.684341886080802e-14,5.684341886080802e-14
116145,237.23691,237.23690795898443,-5.684341886080802e-14,5.684341886080802e-14
116148,310.4929,310.49288940429693,-5.684341886080802e-14,5.684341886080802e-14
116166,250.86737,250.8673706054688,-5.684341886080802e-14,5.684341886080802e-14
116178,189.54527,189.5452728271485,-5.684341886080802e-14,5.684341886080802e-14
116184,264.15186,264.15185546875006,-5.684341886080802e-14,5.684341886080802e-14
116187,280.30563,280.30563354492193,-5.684341886080802e-14,5.684341886080802e-14
116192,252.64795,252.64794921875006,-5.684341886080802e-14,5.684341886080802e-14
116207,288.44934,288.44934082031256,-5.684341886080802e-14,5.684341886080802e-14
116231,260.08148,260.0814819335938,-5.684341886080802e-14,5.684341886080802e-14
116242,246.56705,246.56704711914068,-5.684341886080802e-14,5.684341886080802e-14
116243,299.93872,299.93872070312506,-5.684341886080802e-14,5.684341886080802e-14
116247,312.11923,312.11923217773443,-5.684341886080802e-14,5.684341886080802e-14
116261,201.00317,201.00317382812506,-5.684341886080802e-14,5.684341886080802e-14
116271,253.57678,253.57678222656256,-5.684341886080802e-14,5.684341886080802e-14
116278,272.9805,272.9804992675782,-5.684341886080802e-14,5.684341886080802e-14
116291,225.24797,225.24797058105474,-5.684341886080802e-14,5.684341886080802e-14
116294,227.63861,227.6386108398438,-5.684341886080802e-14,5.684341886080802e-14
116296,235.58708,235.58708190917974,-5.684341886080802e-14,5.684341886080802e-14
116303,326.7525,326.7525024414063,-5.684341886080802e-14,5.684341886080802e-14
116305,204.03564,204.03564453125006,-5.684341886080802e-14,5.684341886080802e-14
116307,219.67421,219.67420959472662,-5.684341886080802e-14,5.684341886080802e-14
116322,254.97334,254.97334289550787,-5.684341886080802e-14,5.684341886080802e-14
116325,295.69507,295.69506835937506,-5.684341886080802e-14,5.684341886080802e-14
116337,289.4671,289.4671020507813,-5.684341886080802e-14,5.684341886080802e-14
116346,302.47177,302.47177124023443,-5.684341886080802e-14,5.684341886080802e-14
116347,345.05325,345.0532531738282,-5.684341886080802e-14,5.684341886080802e-14
116382,302.16016,302.16015625000006,-5.684341886080802e-14,5.684341886080802e-14
116383,251.43423,251.43423461914068,-5.684341886080802e-14,5.684341886080802e-14
116384,281.83124,281.8312377929688,-5.684341886080802e-14,5.684341886080802e-14
116400,249.92485,249.92485046386724,-5.684341886080802e-14,5.684341886080802e-14
116405,301.0345,301.0344848632813,-5.684341886080802e-14,5.684341886080802e-14
116415,268.98383,268.9838256835938,-5.684341886080802e-14,5.684341886080802e-14
116432,194.5384,194.53840637207037,-5.684341886080802e-14,5.684341886080802e-14
116433,191.12985,191.12985229492193,-5.684341886080802e-14,5.684341886080802e-14
116453,315.7355,315.7355041503907,-5.684341886080802e-14,5.684341886080802e-14
116463,240.394,240.39399719238287,-5.684341886080802e-14,5.684341886080802e-14
116464,285.2222,285.2221984863282,-5.684341886080802e-14,5.684341886080802e-14
116474,240.09445,240.09445190429693,-5.684341886080802e-14,5.684341886080802e-14
116475,212.7567,212.7566986083985,-5.684341886080802e-14,5.684341886080802e-14
116477,295.18146,295.1814575195313,-5.684341886080802e-14,5.684341886080802e-14
116480,309.2288,309.2287902832032,-5.684341886080802e-14,5.684341886080802e-14
116507,235.87505,235.87504577636724,-5.684341886080802e-14,5.684341886080802e-14
116522,295.20306,295.2030639648438,-5.684341886080802e-14,5.684341886080802e-14
116532,197.30878,197.3087768554688,-5.684341886080802e-14,5.684341886080802e-14
116533,223.49669,223.4966888427735,-5.684341886080802e-14,5.684341886080802e-14
116539,238.09421,238.09420776367193,-5.684341886080802e-14,5.684341886080802e-14
116547,228.78815,228.7881469726563,-5.684341886080802e-14,5.684341886080802e-14
116560,264.3761,264.37609863281256,-5.684341886080802e-14,5.684341886080802e-14
116562,339.0085,339.00851440429693,-5.684341886080802e-14,5.684341886080802e-14
116572,197.66281,197.66281127929693,-5.684341886080802e-14,5.684341886080802e-14
116580,209.5506,209.5505981445313,-5.684341886080802e-14,5.684341886080802e-14
116588,277.95093,277.95092773437506,-5.684341886080802e-14,5.684341886080802e-14
116593,238.31458,238.31457519531256,-5.684341886080802e-14,5.684341886080802e-14
116596,310.54498,310.5449829101563,-5.684341886080802e-14,5.684341886080802e-14
116607,283.00397,283.0039672851563,-5.684341886080802e-14,5.684341886080802e-14
116613,228.85646,228.85646057128912,-5.684341886080802e-14,5.684341886080802e-14
116620,324.1489,324.14889526367193,-5.684341886080802e-14,5.684341886080802e-14
116622,232.36168,232.3616790771485,-5.684341886080802e-14,5.684341886080802e-14
116633,210.5248,210.52479553222662,-5.684341886080802e-14,5.684341886080802e-14
116642,242.07726,242.0772552490235,-5.684341886080802e-14,5.684341886080802e-14
116654,301.07797,301.07797241210943,-5.684341886080802e-14,5.684341886080802e-14
116656,255.20816,255.20816040039068,-5.684341886080802e-14,5.684341886080802e-14
116663,233.05106,233.05105590820318,-5.684341886080802e-14,5.684341886080802e-14
116672,296.57172,296.5717163085938,-5.684341886080802e-14,5.684341886080802e-14
116728,292.5508,292.5508117675782,-5.684341886080802e-14,5.684341886080802e-14
116730,313.17203,313.1720275878907,-5.684341886080802e-14,5.684341886080802e-14
116735,202.69862,202.69862365722662,-5.684341886080802e-14,5.684341886080802e-14
116745,289.594,289.59399414062506,-5.684341886080802e-14,5.684341886080802e-14
116751,329.2591,329.2590942382813,-5.684341886080802e-14,5.684341886080802e-14
116776,296.40076,296.40075683593756,-5.684341886080802e-14,5.684341886080802e-14
116786,273.7995,273.7994995117188,-5.684341886080802e-14,5.684341886080802e-14
116791,284.50916,284.50915527343756,-5.684341886080802e-14,5.684341886080802e-14
116797,183.80498,183.80497741699224,-5.684341886080802e-14,5.684341886080802e-14
116802,247.78076,247.78076171875006,-5.684341886080802e-14,5.684341886080802e-14
116816,245.23085,245.23085021972662,-5.684341886080802e-14,5.684341886080802e-14
116826,310.93457,310.93457031250006,-5.684341886080802e-14,5.684341886080802e-14
116833,246.21039,246.2103881835938,-5.684341886080802e-14,5.684341886080802e-14
116836,284.54984,284.5498352050782,-5.684341886080802e-14,5.684341886080802e-14
116846,260.41034,260.4103393554688,-5.684341886080802e-14,5.684341886080802e-14
116850,281.93945,281.93945312500006,-5.684341886080802e-14,5.684341886080802e-14
116881,235.35109,235.35108947753912,-5.684341886080802e-14,5.684341886080802e-14
116887,234.60861,234.60861206054693,-5.684341886080802e-14,5.684341886080802e-14
116892,302.6511,302.65109252929693,-5.684341886080802e-14,5.684341886080802e-14
116893,266.8408,266.84078979492193,-5.684341886080802e-14,5.684341886080802e-14
116898,274.0142,274.0141906738282,-5.684341886080802e-14,5.684341886080802e-14
116901,236.14566,236.14566040039068,-5.684341886080802e-14,5.684341886080802e-14
116906,271.375,271.37500000000006,-5.684341886080802e-14,5.684341886080802e-14
116907,251.95145,251.95144653320318,-5.684341886080802e-14,5.684341886080802e-14
116913,265.08502,265.0850219726563,-5.684341886080802e-14,5.684341886080802e-14
116915,296.46036,296.4603576660157,-5.684341886080802e-14,5.684341886080802e-14
116927,212.109,212.1089935302735,-5.684341886080802e-14,5.684341886080802e-14
116928,267.66263,267.6626281738282,-5.684341886080802e-14,5.684341886080802e-14
116940,186.90692,186.9069213867188,-5.684341886080802e-14,5.684341886080802e-14
116952,261.8582,261.8581848144532,-5.684341886080802e-14,5.684341886080802e-14
116959,291.47934,291.47933959960943,-5.684341886080802e-14,5.684341886080802e-14
116962,322.7469,322.7468872070313,-5.684341886080802e-14,5.684341886080802e-14
116966,307.73898,307.73898315429693,-5.684341886080802e-14,5.684341886080802e-14
116971,200.40823,200.40823364257818,-5.684341886080802e-14,5.684341886080802e-14
116982,200.05428,200.05427551269537,-5.684341886080802e-14,5.684341886080802e-14
116988,232.41255,232.41255187988287,-5.684341886080802e-14,5.684341886080802e-14
116999,343.93555,343.93554687500006,-5.684341886080802e-14,5.684341886080802e-14
117000,258.76248,258.7624816894532,-5.684341886080802e-14,5.684341886080802e-14
117001,197.77034,197.77033996582037,-5.684341886080802e-14,5.684341886080802e-14
117021,252.59396,252.59396362304693,-5.684341886080802e-14,5.684341886080802e-14
117023,266.85522,266.85522460937506,-5.684341886080802e-14,5.684341886080802e-14
117042,193.50804,193.508041381836,-5.684341886080802e-14,5.684341886080802e-14
117055,257.80316,257.8031616210938,-5.684341886080802e-14,5.684341886080802e-14
117059,233.74872,233.7487182617188,-5.684341886080802e-14,5.684341886080802e-14
117067,276.08456,276.08456420898443,-5.684341886080802e-14,5.684341886080802e-14
117085,288.1933,288.1932983398438,-5.684341886080802e-14,5.684341886080802e-14
117096,275.45102,275.45101928710943,-5.684341886080802e-14,5.684341886080802e-14
117105,205.40277,205.4027709960938,-5.684341886080802e-14,5.684341886080802e-14
117136,261.5909,261.59091186523443,-5.684341886080802e-14,5.684341886080802e-14
117139,224.00421,224.0042114257813,-5.684341886080802e-14,5.684341886080802e-14
117156,254.75598,254.75598144531256,-5.684341886080802e-14,5.684341886080802e-14
117159,196.19,196.1900024414063,-5.684341886080802e-14,5.684341886080802e-14
117161,235.59978,235.59977722167974,-5.684341886080802e-14,5.684341886080802e-14
117173,326.38196,326.38195800781256,-5.684341886080802e-14,5.684341886080802e-14
117178,315.9501,315.9501037597657,-5.684341886080802e-14,5.684341886080802e-14
117182,298.35327,298.35327148437506,-5.684341886080802e-14,5.684341886080802e-14
117187,264.4976,264.4975891113282,-5.684341886080802e-14,5.684341886080802e-14
117193,256.44736,256.44735717773443,-5.684341886080802e-14,5.684341886080802e-14
117195,233.83922,233.8392181396485,-5.684341886080802e-14,5.684341886080802e-14
117224,242.83046,242.83045959472662,-5.684341886080802e-14,5.684341886080802e-14
117232,262.36688,262.3668823242188,-5.684341886080802e-14,5.684341886080802e-14
117236,205.69333,205.69332885742193,-5.684341886080802e-14,5.684341886080802e-14
117270,217.57397,217.57397460937506,-5.684341886080802e-14,5.684341886080802e-14
117276,250.64719,250.64718627929693,-5.684341886080802e-14,5.684341886080802e-14
117296,188.46817,188.46817016601568,-5.684341886080802e-14,5.684341886080802e-14
117301,233.7244,233.72439575195318,-5.684341886080802e-14,5.684341886080802e-14
117310,318.71133,318.7113342285157,-5.684341886080802e-14,5.684341886080802e-14
117314,309.77087,309.77087402343756,-5.684341886080802e-14,5.684341886080802e-14
117315,272.2418,272.24179077148443,-5.684341886080802e-14,5.684341886080802e-14
117339,328.73557,328.73556518554693,-5.684341886080802e-14,5.684341886080802e-14
117353,226.8103,226.81030273437506,-5.684341886080802e-14,5.684341886080802e-14
117357,201.27621,201.27621459960943,-5.684341886080802e-14,5.684341886080802e-14
117361,198.63974,198.63973999023443,-5.684341886080802e-14,5.684341886080802e-14
117363,324.43835,324.43835449218756,-5.684341886080802e-14,5.684341886080802e-14
117365,286.66537,286.66537475585943,-5.684341886080802e-14,5.684341886080802e-14
117377,220.49326,220.49325561523443,-5.684341886080802e-14,5.684341886080802e-14
117381,187.61926,187.61926269531253,-2.842170943040401e-14,2.842170943040401e-14
117388,306.4799,306.4798889160157,-5.684341886080802e-14,5.684341886080802e-14
117389,345.73047,345.73046875000006,-5.684341886080802e-14,5.684341886080802e-14
117395,257.60184,257.6018371582032,-5.684341886080802e-14,5.684341886080802e-14
117405,237.63239,237.6323852539063,-5.684341886080802e-14,5.684341886080802e-14
117407,193.1938,193.19380187988287,-5.684341886080802e-14,5.684341886080802e-14
117421,202.62221,202.62220764160162,-5.684341886080802e-14,5.684341886080802e-14
117436,268.84482,268.84481811523443,-5.684341886080802e-14,5.684341886080802e-14
117437,253.02591,253.02590942382818,-5.684341886080802e-14,5.684341886080802e-14
117438,265.0673,265.0672912597657,-5.684341886080802e-14,5.684341886080802e-14
117439,293.8955,293.89550781250006,-5.684341886080802e-14,5.684341886080802e-14
117452,208.78864,208.7886352539063,-5.684341886080802e-14,5.684341886080802e-14
117456,247.91483,247.91482543945318,-5.684341886080802e-14,5.684341886080802e-14
117458,270.95557,270.95556640625006,-5.684341886080802e-14,5.684341886080802e-14
117459,234.48898,234.48898315429693,-5.684341886080802e-14,5.684341886080802e-14
117470,191.2556,191.255599975586,-5.684341886080802e-14,5.684341886080802e-14
117484,220.8541,220.85409545898443,-5.684341886080802e-14,5.684341886080802e-14
117489,238.41708,238.41708374023443,-5.684341886080802e-14,5.684341886080802e-14
117514,230.1816,230.18159484863287,-5.684341886080802e-14,5.684341886080802e-14
117542,317.92035,317.9203491210938,-5.684341886080802e-14,5.684341886080802e-14
117563,198.01515,198.01515197753912,-5.684341886080802e-14,5.684341886080802e-14
117566,309.1035,309.10348510742193,-5.684341886080802e-14,5.684341886080802e-14
117575,274.8207,274.8207092285157,-5.684341886080802e-14,5.684341886080802e-14
117587,203.49034,203.4903411865235,-5.684341886080802e-14,5.684341886080802e-14
117592,280.4859,280.4859008789063,-5.684341886080802e-14,5.684341886080802e-14
117599,278.10025,278.1002502441407,-5.684341886080802e-14,5.684341886080802e-14
117613,309.8038,309.80380249023443,-5.684341886080802e-14,5.684341886080802e-14
117617,284.90912,284.9091186523438,-5.684341886080802e-14,5.684341886080802e-14
117623,320.45428,320.4542846679688,-5.684341886080802e-14,5.684341886080802e-14
117633,334.61752,334.61752319335943,-5.684341886080802e-14,5.684341886080802e-14
117655,200.81268,200.8126831054688,-5.684341886080802e-14,5.684341886080802e-14
117660,272.19745,272.1974487304688,-5.684341886080802e-14,5.684341886080802e-14
117671,322.609,322.60900878906256,-5.684341886080802e-14,5.684341886080802e-14
117673,192.23077,192.2307739257813,-5.684341886080802e-14,5.684341886080802e-14
117684,208.86583,208.8658294677735,-5.684341886080802e-14,5.684341886080802e-14
117697,193.12473,193.12472534179693,-5.684341886080802e-14,5.684341886080802e-14
117701,300.71207,300.7120666503907,-5.684341886080802e-14,5.684341886080802e-14
117710,321.19046,321.1904602050782,-5.684341886080802e-14,5.684341886080802e-14
117727,233.28705,233.2870483398438,-5.684341886080802e-14,5.684341886080802e-14
117750,268.99188,268.9918823242188,-5.684341886080802e-14,5.684341886080802e-14
117774,193.53656,193.5365600585938,-5.684341886080802e-14,5.684341886080802e-14
117785,207.93312,207.93312072753912,-5.684341886080802e-14,5.684341886080802e-14
117791,203.35321,203.3532104492188,-5.684341886080802e-14,5.684341886080802e-14
117792,267.64838,267.6483764648438,-5.684341886080802e-14,5.684341886080802e-14
117800,240.14088,240.14088439941412,-5.684341886080802e-14,5.684341886080802e-14
117817,265.29565,265.29565429687506,-5.684341886080802e-14,5.684341886080802e-14
117824,211.16411,211.16410827636724,-5.684341886080802e-14,5.684341886080802e-14
117826,276.5209,276.5209045410157,-5.684341886080802e-14,5.684341886080802e-14
117827,258.5019,258.5018920898438,-5.684341886080802e-14,5.684341886080802e-14
117832,270.20297,270.20297241210943,-5.684341886080802e-14,5.684341886080802e-14
117838,242.14891,242.148910522461,-5.684341886080802e-14,5.684341886080802e-14
117851,197.69623,197.6962280273438,-5.684341886080802e-14,5.684341886080802e-14
117862,262.3019,262.3019104003907,-5.684341886080802e-14,5.684341886080802e-14
117864,229.334,229.33399963378912,-5.684341886080802e-14,5.684341886080802e-14
117866,288.20636,288.2063598632813,-5.684341886080802e-14,5.684341886080802e-14
117885,206.7035,206.70350646972662,-5.684341886080802e-14,5.684341886080802e-14
117888,211.92386,211.92385864257818,-5.684341886080802e-14,5.684341886080802e-14
117897,192.69429,192.69429016113287,-5.684341886080802e-14,5.684341886080802e-14
117913,267.4988,267.4988098144532,-5.684341886080802e-14,5.684341886080802e-14
117916,251.7842,251.78419494628912,-5.684341886080802e-14,5.684341886080802e-14
117934,251.69772,251.69772338867193,-5.684341886080802e-14,5.684341886080802e-14
117951,258.25494,258.2549438476563,-5.684341886080802e-14,5.684341886080802e-14
117971,192.8688,192.86880493164068,-5.684341886080802e-14,5.684341886080802e-14
117981,219.18045,219.18045043945318,-5.684341886080802e-14,5.684341886080802e-14
117991,271.3156,271.3156127929688,-5.684341886080802e-14,5.684341886080802e-14
117993,228.91655,228.91654968261724,-5.684341886080802e-14,5.684341886080802e-14
118020,190.4593,190.45930480957037,-5.684341886080802e-14,5.684341886080802e-14
118022,229.03993,229.03993225097662,-5.684341886080802e-14,5.684341886080802e-14
118023,179.23071,179.23071289062509,-8.526512829121202e-14,8.526512829121202e-14
118029,241.25288,241.25288391113287,-5.684341886080802e-14,5.684341886080802e-14
118033,277.6664,277.6664123535157,-5.684341886080802e-14,5.684341886080802e-14
118039,246.62955,246.62954711914068,-5.684341886080802e-14,5.684341886080802e-14
118040,244.04283,244.0428314208985,-5.684341886080802e-14,5.684341886080802e-14
118043,283.74976,283.74975585937506,-5.684341886080802e-14,5.684341886080802e-14
118051,288.22586,288.2258605957032,-5.684341886080802e-14,5.684341886080802e-14
118059,196.4181,196.41810607910162,-5.684341886080802e-14,5.684341886080802e-14
118075,209.78212,209.78211975097662,-5.684341886080802e-14,5.684341886080802e-14
118088,172.41774,172.41773986816412,-5.684341886080802e-14,5.684341886080802e-14
118091,300.75607,300.75607299804693,-5.684341886080802e-14,5.684341886080802e-14
118132,238.41014,238.410140991211,-5.684341886080802e-14,5.684341886080802e-14
118149,319.20142,319.20141601562506,-5.684341886080802e-14,5.684341886080802e-14
118171,218.45134,218.45133972167974,-5.684341886080802e-14,5.684341886080802e-14
118181,268.29514,268.29513549804693,-5.684341886080802e-14,5.684341886080802e-14
118183,280.56595,280.5659484863282,-5.684341886080802e-14,5.684341886080802e-14
118212,238.61816,238.61816406250006,-5.684341886080802e-14,5.684341886080802e-14
118221,239.87965,239.87965393066412,-5.684341886080802e-14,5.684341886080802e-14
118226,240.39262,240.39262390136724,-5.684341886080802e-14,5.684341886080802e-14
118227,208.01556,208.0155639648438,-5.684341886080802e-14,5.684341886080802e-14
118228,322.81754,322.8175354003907,-5.684341886080802e-14,5.684341886080802e-14
118242,319.24213,319.2421264648438,-5.684341886080802e-14,5.684341886080802e-14
118244,246.51115,246.51115417480474,-5.684341886080802e-14,5.684341886080802e-14
118262,215.62898,215.62898254394537,-5.684341886080802e-14,5.684341886080802e-14
118265,221.90004,221.90003967285162,-5.684341886080802e-14,5.684341886080802e-14
118267,298.06335,298.06335449218756,-5.684341886080802e-14,5.684341886080802e-14
118288,201.53171,201.53170776367193,-5.684341886080802e-14,5.684341886080802e-14
118316,249.2291,249.22909545898443,-5.684341886080802e-14,5.684341886080802e-14
118320,235.2534,235.253402709961,-5.684341886080802e-14,5.684341886080802e-14
118328,263.68634,263.6863403320313,-5.684341886080802e-14,5.684341886080802e-14
118337,176.0054,176.00540161132815,-2.842170943040401e-14,2.842170943040401e-14
118340,287.90723,287.90722656250006,-5.684341886080802e-14,5.684341886080802e-14
118361,257.8176,257.81759643554693,-5.684341886080802e-14,5.684341886080802e-14
118366,185.00587,185.00587463378912,-5.684341886080802e-14,5.684341886080802e-14
118367,236.08452,236.08451843261724,-5.684341886080802e-14,5.684341886080802e-14
118369,349.61053,349.6105346679688,-5.684341886080802e-14,5.684341886080802e-14
118373,189.53284,189.53283691406256,-5.684341886080802e-14,5.684341886080802e-14
118375,336.56192,336.5619201660157,-5.684341886080802e-14,5.684341886080802e-14
118382,270.11224,270.1122436523438,-5.684341886080802e-14,5.684341886080802e-14
118384,289.6106,289.61059570312506,-5.684341886080802e-14,5.684341886080802e-14
118385,208.88457,208.88456726074224,-5.684341886080802e-14,5.684341886080802e-14
118386,302.60913,302.60913085937506,-5.684341886080802e-14,5.684341886080802e-14
118387,238.19785,238.19784545898443,-5.684341886080802e-14,5.684341886080802e-14
118392,192.66669,192.6666870117188,-5.684341886080802e-14,5.684341886080802e-14
118396,283.65152,283.6515197753907,-5.684341886080802e-14,5.684341886080802e-14
118408,367.48386,367.48385620117193,-5.684341886080802e-14,5.684341886080802e-14
118410,238.92465,238.92465209960943,-5.684341886080802e-14,5.684341886080802e-14
118417,243.21248,243.21247863769537,-5.684341886080802e-14,5.684341886080802e-14
118423,339.2962,339.2962036132813,-5.684341886080802e-14,5.684341886080802e-14
118451,334.88257,334.88256835937506,-5.684341886080802e-14,5.684341886080802e-14
118458,238.5057,238.50570678710943,-5.684341886080802e-14,5.684341886080802e-14
118459,310.677,310.67700195312506,-5.684341886080802e-14,5.684341886080802e-14
118464,297.9602,297.96020507812506,-5.684341886080802e-14,5.684341886080802e-14
118469,245.9019,245.90190124511724,-5.684341886080802e-14,5.684341886080802e-14
118471,248.89536,248.89535522460943,-5.684341886080802e-14,5.684341886080802e-14
118478,291.8684,291.86840820312506,-5.684341886080802e-14,5.684341886080802e-14
118486,237.84834,237.84834289550787,-5.684341886080802e-14,5.684341886080802e-14
118494,204.3165,204.31649780273443,-5.684341886080802e-14,5.684341886080802e-14
118504,271.9924,271.99240112304693,-5.684341886080802e-14,5.684341886080802e-14
118512,366.98853,366.98852539062506,-5.684341886080802e-14,5.684341886080802e-14
118523,249.60558,249.6055755615235,-5.684341886080802e-14,5.684341886080802e-14
118525,297.78342,297.78341674804693,-5.684341886080802e-14,5.684341886080802e-14
118530,223.80624,223.80624389648443,-5.684341886080802e-14,5.684341886080802e-14
118532,242.50624,242.50624084472662,-5.684341886080802e-14,5.684341886080802e-14
118581,267.56403,267.5640258789063,-5.684341886080802e-14,5.684341886080802e-14
118588,355.55228,355.5522766113282,-5.684341886080802e-14,5.684341886080802e-14
118592,246.89992,246.89991760253912,-5.684341886080802e-14,5.684341886080802e-14
118600,231.34035,231.34034729003912,-5.684341886080802e-14,5.684341886080802e-14
118610,253.04698,253.0469818115235,-5.684341886080802e-14,5.684341886080802e-14
118614,267.47617,267.47616577148443,-5.684341886080802e-14,5.684341886080802e-14
118624,254.96275,254.9627532958985,-5.684341886080802e-14,5.684341886080802e-14
118628,260.0302,260.0302124023438,-5.684341886080802e-14,5.684341886080802e-14
118634,227.39702,227.39701843261724,-5.684341886080802e-14,5.684341886080802e-14
118648,301.55142,301.5514221191407,-5.684341886080802e-14,5.684341886080802e-14
118650,317.40073,317.40072631835943,-5.684341886080802e-14,5.684341886080802e-14
118687,262.80612,262.80612182617193,-5.684341886080802e-14,5.684341886080802e-14
118692,355.0529,355.0528869628907,-5.684341886080802e-14,5.684341886080802e-14
118694,269.87778,269.87777709960943,-5.684341886080802e-14,5.684341886080802e-14
118699,260.84897,260.84896850585943,-5.684341886080802e-14,5.684341886080802e-14
118712,350.261,350.26098632812506,-5.684341886080802e-14,5.684341886080802e-14
118714,274.48407,274.4840698242188,-5.684341886080802e-14,5.684341886080802e-14
118724,230.90431,230.90431213378912,-5.684341886080802e-14,5.684341886080802e-14
118732,221.04602,221.04602050781256,-5.684341886080802e-14,5.684341886080802e-14
118752,283.4451,283.4450988769532,-5.684341886080802e-14,5.684341886080802e-14
118754,221.6711,221.67109680175787,-5.684341886080802e-14,5.684341886080802e-14
118756,200.4551,200.45509338378912,-5.684341886080802e-14,5.684341886080802e-14
118778,233.65907,233.65907287597662,-5.684341886080802e-14,5.684341886080802e-14
118786,263.35193,263.35192871093756,-5.684341886080802e-14,5.684341886080802e-14
118789,270.36386,270.36386108398443,-5.684341886080802e-14,5.684341886080802e-14
118790,289.3222,289.3222045898438,-5.684341886080802e-14,5.684341886080802e-14
118791,280.36996,280.36996459960943,-5.684341886080802e-14,5.684341886080802e-14
118797,208.08665,208.086654663086,-5.684341886080802e-14,5.684341886080802e-14
118807,292.69174,292.69174194335943,-5.684341886080802e-14,5.684341886080802e-14
118810,292.45547,292.4554748535157,-5.684341886080802e-14,5.684341886080802e-14
118811,191.25061,191.25061035156256,-5.684341886080802e-14,5.684341886080802e-14
118839,254.62328,254.623275756836,-5.684341886080802e-14,5.684341886080802e-14
118841,274.87723,274.8772277832032,-5.684341886080802e-14,5.684341886080802e-14
118863,248.97781,248.97781372070318,-5.684341886080802e-14,5.684341886080802e-14
118871,271.86346,271.8634643554688,-5.684341886080802e-14,5.684341886080802e-14
118877,289.8212,289.8211975097657,-5.684341886080802e-14,5.684341886080802e-14
118887,217.65936,217.6593627929688,-5.684341886080802e-14,5.684341886080802e-14
118890,305.2733,305.27328491210943,-5.684341886080802e-14,5.684341886080802e-14
118891,242.4709,242.47090148925787,-5.684341886080802e-14,5.684341886080802e-14
118900,204.44661,204.44660949707037,-5.684341886080802e-14,5.684341886080802e-14
118901,248.83128,248.831283569336,-5.684341886080802e-14,5.684341886080802e-14
118903,278.27435,278.2743530273438,-5.684341886080802e-14,5.684341886080802e-14
118904,269.16956,269.16955566406256,-5.684341886080802e-14,5.684341886080802e-14
118935,283.2118,283.21179199218756,-5.684341886080802e-14,5.684341886080802e-14
118952,200.08214,200.0821380615235,-5.684341886080802e-14,5.684341886080802e-14
118971,288.44232,288.4423217773438,-5.684341886080802e-14,5.684341886080802e-14
118980,244.6025,244.60249328613287,-5.684341886080802e-14,5.684341886080802e-14
118991,222.4646,222.46459960937506,-5.684341886080802e-14,5.684341886080802e-14
118992,332.1181,332.1181030273438,-5.684341886080802e-14,5.684341886080802e-14
118997,268.14886,268.1488647460938,-5.684341886080802e-14,5.684341886080802e-14
119001,232.78314,232.7831420898438,-5.684341886080802e-14,5.684341886080802e-14
119006,191.783,191.78300476074224,-5.684341886080802e-14,5.684341886080802e-14
119007,220.85529,220.8552856445313,-5.684341886080802e-14,5.684341886080802e-14
119009,298.73465,298.7346496582032,-5.684341886080802e-14,5.684341886080802e-14
119012,275.46042,275.46041870117193,-5.684341886080802e-14,5.684341886080802e-14
119019,281.22757,281.2275695800782,-5.684341886080802e-14,5.684341886080802e-14
119058,268.83276,268.83276367187506,-5.684341886080802e-14,5.684341886080802e-14
119066,233.9231,233.92309570312506,-5.684341886080802e-14,5.684341886080802e-14
119070,220.58578,220.58578491210943,-5.684341886080802e-14,5.684341886080802e-14
119081,230.01108,230.01107788085943,-5.684341886080802e-14,5.684341886080802e-14
119098,327.76102,327.7610168457032,-5.684341886080802e-14,5.684341886080802e-14
119104,327.53406,327.53405761718756,-5.684341886080802e-14,5.684341886080802e-14
119126,247.2314,247.23139953613287,-5.684341886080802e-14,5.684341886080802e-14
119128,247.37209,247.37208557128912,-5.684341886080802e-14,5.684341886080802e-14
119129,187.96338,187.96337890625006,-5.684341886080802e-14,5.684341886080802e-14
119136,217.09682,217.09681701660162,-5.684341886080802e-14,5.684341886080802e-14
119147,197.08804,197.08804321289068,-5.684341886080802e-14,5.684341886080802e-14
119150,265.1861,265.1860961914063,-5.684341886080802e-14,5.684341886080802e-14
119156,193.84114,193.84114074707037,-5.684341886080802e-14,5.684341886080802e-14
119169,243.03592,243.03591918945318,-5.684341886080802e-14,5.684341886080802e-14
119184,196.77608,196.77607727050787,-5.684341886080802e-14,5.684341886080802e-14
119207,223.47276,223.4727630615235,-5.684341886080802e-14,5.684341886080802e-14
119212,244.04182,244.04182434082037,-5.684341886080802e-14,5.684341886080802e-14
119223,274.35556,274.35556030273443,-5.684341886080802e-14,5.684341886080802e-14
119240,202.9384,202.93840026855474,-5.684341886080802e-14,5.684341886080802e-14
119241,314.42575,314.42575073242193,-5.684341886080802e-14,5.684341886080802e-14
119245,270.1573,270.1572875976563,-5.684341886080802e-14,5.684341886080802e-14
119257,263.44653,263.44653320312506,-5.684341886080802e-14,5.684341886080802e-14
119261,358.3339,358.3338928222657,-5.684341886080802e-14,5.684341886080802e-14
119268,237.64694,237.64694213867193,-5.684341886080802e-14,5.684341886080802e-14
119277,277.78085,277.78085327148443,-5.684341886080802e-14,5.684341886080802e-14
119284,213.19171,213.1917114257813,-5.684341886080802e-14,5.684341886080802e-14
119290,181.81981,181.819808959961,-5.684341886080802e-14,5.684341886080802e-14
119291,261.79056,261.7905578613282,-5.684341886080802e-14,5.684341886080802e-14
119297,340.03442,340.03442382812506,-5.684341886080802e-14,5.684341886080802e-14
119300,252.63646,252.636459350586,-5.684341886080802e-14,5.684341886080802e-14
119311,237.47821,237.4782104492188,-5.684341886080802e-14,5.684341886080802e-14
119313,315.77588,315.77587890625006,-5.684341886080802e-14,5.684341886080802e-14
119323,289.6994,289.6994018554688,-5.684341886080802e-14,5.684341886080802e-14
119335,206.72063,206.72062683105474,-5.684341886080802e-14,5.684341886080802e-14
119353,302.28134,302.28134155273443,-5.684341886080802e-14,5.684341886080802e-14
119355,284.0927,284.0927124023438,-5.684341886080802e-14,5.684341886080802e-14
119360,301.87256,301.87255859375006,-5.684341886080802e-14,5.684341886080802e-14
119370,342.81442,342.81442260742193,-5.684341886080802e-14,5.684341886080802e-14
119391,309.23758,309.2375793457032,-5.684341886080802e-14,5.684341886080802e-14
119396,272.45068,272.45068359375006,-5.684341886080802e-14,5.684341886080802e-14
119414,189.73401,189.73400878906256,-5.684341886080802e-14,5.684341886080802e-14
119417,272.43463,272.4346313476563,-5.684341886080802e-14,5.684341886080802e-14
119420,208.47539,208.47538757324224,-5.684341886080802e-14,5.684341886080802e-14
119431,187.71973,187.71972656250006,-5.684341886080802e-14,5.684341886080802e-14
119436,253.44281,253.4428100585938,-5.684341886080802e-14,5.684341886080802e-14
119442,336.88382,336.8838195800782,-5.684341886080802e-14,5.684341886080802e-14
119450,237.49062,237.49061584472662,-5.684341886080802e-14,5.684341886080802e-14
119451,309.50143,309.50143432617193,-5.684341886080802e-14,5.684341886080802e-14
119466,264.73044,264.73043823242193,-5.684341886080802e-14,5.684341886080802e-14
119467,196.901,196.90100097656256,-5.684341886080802e-14,5.684341886080802e-14
119470,201.82089,201.82089233398443,-5.684341886080802e-14,5.684341886080802e-14
119471,194.25552,194.25552368164068,-5.684341886080802e-14,5.684341886080802e-14
119481,255.87248,255.87248229980474,-5.684341886080802e-14,5.684341886080802e-14
119490,168.4975,168.4974975585938,-5.684341886080802e-14,5.684341886080802e-14
119497,224.06914,224.06913757324224,-5.684341886080802e-14,5.684341886080802e-14
119508,187.27847,187.27847290039068,-5.684341886080802e-14,5.684341886080802e-14
119526,232.02892,232.0289154052735,-5.684341886080802e-14,5.684341886080802e-14
119533,260.8339,260.8338928222657,-5.684341886080802e-14,5.684341886080802e-14
119571,320.7619,320.7619018554688,-5.684341886080802e-14,5.684341886080802e-14
119581,221.5202,221.5202026367188,-5.684341886080802e-14,5.684341886080802e-14
119583,200.84152,200.84152221679693,-5.684341886080802e-14,5.684341886080802e-14
119592,310.20142,310.20141601562506,-5.684341886080802e-14,5.684341886080802e-14
119622,344.9398,344.93978881835943,-5.684341886080802e-14,5.684341886080802e-14
119624,315.89758,315.89758300781256,-5.684341886080802e-14,5.684341886080802e-14
119637,291.66925,291.6692504882813,-5.684341886080802e-14,5.684341886080802e-14
119641,197.2918,197.29179382324224,-5.684341886080802e-14,5.684341886080802e-14
119642,295.30313,295.3031311035157,-5.684341886080802e-14,5.684341886080802e-14
119648,245.96127,245.96127319335943,-5.684341886080802e-14,5.684341886080802e-14
119661,196.89458,196.89457702636724,-5.684341886080802e-14,5.684341886080802e-14
119668,265.34222,265.3422241210938,-5.684341886080802e-14,5.684341886080802e-14
119670,252.56114,252.5611419677735,-5.684341886080802e-14,5.684341886080802e-14
119678,314.0319,314.0318908691407,-5.684341886080802e-14,5.684341886080802e-14
119680,279.66248,279.66247558593756,-5.684341886080802e-14,5.684341886080802e-14
119708,267.36966,267.3696594238282,-5.684341886080802e-14,5.684341886080802e-14
119711,238.70508,238.70507812500006,-5.684341886080802e-14,5.684341886080802e-14
119719,190.0539,190.0538940429688,-5.684341886080802e-14,5.684341886080802e-14
119724,208.34332,208.3433227539063,-5.684341886080802e-14,5.684341886080802e-14
119727,186.3926,186.39259338378912,-5.684341886080802e-14,5.684341886080802e-14
119734,287.03665,287.0366516113282,-5.684341886080802e-14,5.684341886080802e-14
119765,203.87083,203.870834350586,-5.684341886080802e-14,5.684341886080802e-14
119786,208.14648,208.14648437500006,-5.684341886080802e-14,5.684341886080802e-14
119788,258.443,258.44299316406256,-5.684341886080802e-14,5.684341886080802e-14
119802,252.86024,252.86024475097662,-5.684341886080802e-14,5.684341886080802e-14
119815,184.59602,184.59602355957037,-5.684341886080802e-14,5.684341886080802e-14
119818,196.19604,196.19604492187506,-5.684341886080802e-14,5.684341886080802e-14
119825,253.53261,253.53260803222662,-5.684341886080802e-14,5.684341886080802e-14
119832,271.41763,271.4176330566407,-5.684341886080802e-14,5.684341886080802e-14
119834,292.32318,292.3231811523438,-5.684341886080802e-14,5.684341886080802e-14
119843,327.58444,327.58444213867193,-5.684341886080802e-14,5.684341886080802e-14
119862,203.36131,203.361312866211,-5.684341886080802e-14,5.684341886080802e-14
119864,277.2112,277.2112121582032,-5.684341886080802e-14,5.684341886080802e-14
119865,195.27095,195.27095031738287,-5.684341886080802e-14,5.684341886080802e-14
119897,261.1281,261.1281127929688,-5.684341886080802e-14,5.684341886080802e-14
119903,186.8442,186.8441925048829,-8.526512829121202e-14,8.526512829121202e-14
119911,318.39444,318.3944396972657,-5.684341886080802e-14,5.684341886080802e-14
119913,266.15128,266.1512756347657,-5.684341886080802e-14,5.684341886080802e-14
119929,208.59898,208.5989837646485,-5.684341886080802e-14,5.684341886080802e-14
119936,200.39726,200.39726257324224,-5.684341886080802e-14,5.684341886080802e-14
119939,294.09036,294.0903625488282,-5.684341886080802e-14,5.684341886080802e-14
119947,302.6965,302.69650268554693,-5.684341886080802e-14,5.684341886080802e-14
119956,190.60587,190.60586547851568,-5.684341886080802e-14,5.684341886080802e-14
119957,225.59625,225.5962524414063,-5.684341886080802e-14,5.684341886080802e-14
119965,191.4099,191.409896850586,-5.684341886080802e-14,5.684341886080802e-14
119969,230.95593,230.95593261718756,-5.684341886080802e-14,5.684341886080802e-14
119979,251.8222,251.8222045898438,-5.684341886080802e-14,5.684341886080802e-14
119987,286.56857,286.56857299804693,-5.684341886080802e-14,5.684341886080802e-14
119989,188.93199,188.9319915771485,-5.684341886080802e-14,5.684341886080802e-14
119996,294.31296,294.31295776367193,-5.684341886080802e-14,5.684341886080802e-14
120010,339.10416,339.1041564941407,-5.684341886080802e-14,5.684341886080802e-14
120016,328.8209,328.82089233398443,-5.684341886080802e-14,5.684341886080802e-14
120017,243.87756,243.87756347656256,-5.684341886080802e-14,5.684341886080802e-14
120018,264.102,264.1019897460938,-5.684341886080802e-14,5.684341886080802e-14
120020,208.73282,208.73281860351568,-5.684341886080802e-14,5.684341886080802e-14
120035,199.10722,199.10722351074224,-5.684341886080802e-14,5.684341886080802e-14
120040,328.85425,328.85424804687506,-5.684341886080802e-14,5.684341886080802e-14
120047,247.43816,247.43815612792974,-5.684341886080802e-14,5.684341886080802e-14
120055,253.77818,253.7781829833985,-5.684341886080802e-14,5.684341886080802e-14
120056,280.73245,280.7324523925782,-5.684341886080802e-14,5.684341886080802e-14
120062,255.34926,255.34925842285162,-5.684341886080802e-14,5.684341886080802e-14
120063,250.20393,250.20393371582037,-5.684341886080802e-14,5.684341886080802e-14
120067,203.97641,203.97640991210943,-5.684341886080802e-14,5.684341886080802e-14
120070,178.11053,178.1105346679688,-5.684341886080802e-14,5.684341886080802e-14
120074,212.08264,212.08264160156256,-5.684341886080802e-14,5.684341886080802e-14
120076,298.03275,298.0327453613282,-5.684341886080802e-14,5.684341886080802e-14
120080,323.60925,323.60925292968756,-5.684341886080802e-14,5.684341886080802e-14
120091,238.42636,238.42636108398443,-5.684341886080802e-14,5.684341886080802e-14
120105,277.78574,277.78573608398443,-5.684341886080802e-14,5.684341886080802e-14
120115,200.69022,200.69021606445318,-5.684341886080802e-14,5.684341886080802e-14
120127,262.93558,262.9355773925782,-5.684341886080802e-14,5.684341886080802e-14
120129,185.8177,185.81770324707037,-5.684341886080802e-14,5.684341886080802e-14
120134,181.01988,181.01988220214852,-8.526512829121202e-14,8.526512829121202e-14
120135,282.8121,282.81210327148443,-5.684341886080802e-14,5.684341886080802e-14
120156,212.62648,212.62648010253912,-5.684341886080802e-14,5.684341886080802e-14
120175,183.79251,183.79251098632818,-5.684341886080802e-14,5.684341886080802e-14
120177,255.18518,255.18518066406256,-5.684341886080802e-14,5.684341886080802e-14
120200,208.58759,208.5875854492188,-5.684341886080802e-14,5.684341886080802e-14
120209,317.14594,317.1459350585938,-5.684341886080802e-14,5.684341886080802e-14
120214,209.14255,209.14254760742193,-5.684341886080802e-14,5.684341886080802e-14
120230,265.20456,265.20455932617193,-5.684341886080802e-14,5.684341886080802e-14
120247,260.4375,260.43750000000006,-5.684341886080802e-14,5.684341886080802e-14
120259,286.54807,286.54806518554693,-5.684341886080802e-14,5.684341886080802e-14
120260,285.5562,285.5562133789063,-5.684341886080802e-14,5.684341886080802e-14
120286,266.06293,266.0629272460938,-5.684341886080802e-14,5.684341886080802e-14
120292,277.6964,277.69641113281256,-5.684341886080802e-14,5.684341886080802e-14
120293,308.21753,308.21752929687506,-5.684341886080802e-14,5.684341886080802e-14
120305,227.19702,227.19702148437506,-5.684341886080802e-14,5.684341886080802e-14
120313,209.60968,209.6096801757813,-5.684341886080802e-14,5.684341886080802e-14
120316,188.62102,188.62101745605474,-5.684341886080802e-14,5.684341886080802e-14
120324,273.25366,273.25366210937506,-5.684341886080802e-14,5.684341886080802e-14
120335,225.66635,225.66635131835943,-5.684341886080802e-14,5.684341886080802e-14
120336,275.53818,275.53817749023443,-5.684341886080802e-14,5.684341886080802e-14
120339,258.49652,258.4965209960938,-5.684341886080802e-14,5.684341886080802e-14
120346,309.7955,309.79550170898443,-5.684341886080802e-14,5.684341886080802e-14
120365,180.94183,180.9418334960938,-5.684341886080802e-14,5.684341886080802e-14
120366,234.46754,234.46754455566412,-5.684341886080802e-14,5.684341886080802e-14
120373,262.5423,262.5422973632813,-5.684341886080802e-14,5.684341886080802e-14
120382,262.86172,262.8617248535157,-5.684341886080802e-14,5.684341886080802e-14
120389,240.63693,240.63693237304693,-5.684341886080802e-14,5.684341886080802e-14
120405,205.30963,205.3096313476563,-5.684341886080802e-14,5.684341886080802e-14
120410,222.51372,222.51371765136724,-5.684341886080802e-14,5.684341886080802e-14
120412,314.88943,314.8894348144532,-5.684341886080802e-14,5.684341886080802e-14
120414,199.15834,199.15834045410162,-5.684341886080802e-14,5.684341886080802e-14
120428,280.00238,280.0023803710938,-5.684341886080802e-14,5.684341886080802e-14
120444,284.08545,284.08544921875006,-5.684341886080802e-14,5.684341886080802e-14
120451,214.64787,214.64787292480474,-5.684341886080802e-14,5.684341886080802e-14
120462,237.79898,237.79898071289068,-5.684341886080802e-14,5.684341886080802e-14
120483,223.86897,223.86897277832037,-5.684341886080802e-14,5.684341886080802e-14
120504,262.2164,262.21640014648443,-5.684341886080802e-14,5.684341886080802e-14
120505,181.51071,181.51071166992193,-5.684341886080802e-14,5.684341886080802e-14
120519,321.24442,321.2444152832032,-5.684341886080802e-14,5.684341886080802e-14
120528,236.2359,236.2359008789063,-5.684341886080802e-14,5.684341886080802e-14
120531,308.49313,308.49313354492193,-5.684341886080802e-14,5.684341886080802e-14
120534,193.95157,193.95156860351568,-5.684341886080802e-14,5.684341886080802e-14
120540,263.39453,263.39453125000006,-5.684341886080802e-14,5.684341886080802e-14
120542,223.98659,223.98658752441412,-5.684341886080802e-14,5.684341886080802e-14
120545,273.18713,273.18713378906256,-5.684341886080802e-14,5.684341886080802e-14
120552,363.67105,363.6710510253907,-5.684341886080802e-14,5.684341886080802e-14
120553,265.69427,265.6942749023438,-5.684341886080802e-14,5.684341886080802e-14
120557,224.92773,224.92773437500006,-5.684341886080802e-14,5.684341886080802e-14
120563,281.8105,281.8104858398438,-5.684341886080802e-14,5.684341886080802e-14
120571,237.746,237.74600219726568,-5.684341886080802e-14,5.684341886080802e-14
120581,267.18924,267.1892395019532,-5.684341886080802e-14,5.684341886080802e-14
120585,226.99939,226.99938964843756,-5.684341886080802e-14,5.684341886080802e-14
120586,241.07935,241.07934570312506,-5.684341886080802e-14,5.684341886080802e-14
120605,202.14127,202.14126586914068,-5.684341886080802e-14,5.684341886080802e-14
120671,223.39793,223.397933959961,-5.684341886080802e-14,5.684341886080802e-14
120678,280.0069,280.0068969726563,-5.684341886080802e-14,5.684341886080802e-14
120691,186.87428,186.87428283691412,-5.684341886080802e-14,5.684341886080802e-14
120694,293.02664,293.0266418457032,-5.684341886080802e-14,5.684341886080802e-14
120696,287.13803,287.13803100585943,-5.684341886080802e-14,5.684341886080802e-14
120711,292.25034,292.25033569335943,-5.684341886080802e-14,5.684341886080802e-14
120718,285.2727,285.27270507812506,-5.684341886080802e-14,5.684341886080802e-14
120720,256.54657,256.5465698242188,-5.684341886080802e-14,5.684341886080802e-14
120723,316.01456,316.0145568847657,-5.684341886080802e-14,5.684341886080802e-14
120727,291.67105,291.6710510253907,-5.684341886080802e-14,5.684341886080802e-14
120740,279.4333,279.4332885742188,-5.684341886080802e-14,5.684341886080802e-14
120752,283.6411,283.64111328125006,-5.684341886080802e-14,5.684341886080802e-14
120770,254.77382,254.77381896972662,-5.684341886080802e-14,5.684341886080802e-14
120782,312.48712,312.4871215820313,-5.684341886080802e-14,5.684341886080802e-14
120786,216.2696,216.26960754394537,-5.684341886080802e-14,5.684341886080802e-14
120805,270.5898,270.58981323242193,-5.684341886080802e-14,5.684341886080802e-14
120829,339.93063,339.93063354492193,-5.684341886080802e-14,5.684341886080802e-14
120846,245.88443,245.88442993164068,-5.684341886080802e-14,5.684341886080802e-14
120860,240.76169,240.76168823242193,-5.684341886080802e-14,5.684341886080802e-14
120864,251.46861,251.4686126708985,-5.684341886080802e-14,5.684341886080802e-14
120872,184.52774,184.52774047851565,-2.842170943040401e-14,2.842170943040401e-14
120875,253.25409,253.2540893554688,-5.684341886080802e-14,5.684341886080802e-14
120881,239.73723,239.73722839355474,-5.684341886080802e-14,5.684341886080802e-14
120920,225.6507,225.6506958007813,-5.684341886080802e-14,5.684341886080802e-14
120927,271.48776,271.48776245117193,-5.684341886080802e-14,5.684341886080802e-14
120934,228.62332,228.62332153320318,-5.684341886080802e-14,5.684341886080802e-14
120936,333.22183,333.2218322753907,-5.684341886080802e-14,5.684341886080802e-14
120939,348.5119,348.5119018554688,-5.684341886080802e-14,5.684341886080802e-14
120946,281.7682,281.76818847656256,-5.684341886080802e-14,5.684341886080802e-14
120951,303.77817,303.77816772460943,-5.684341886080802e-14,5.684341886080802e-14
120958,186.12727,186.12727355957037,-5.684341886080802e-14,5.684341886080802e-14
120976,206.59988,206.59988403320318,-5.684341886080802e-14,5.684341886080802e-14
120979,313.8711,313.87109375000006,-5.684341886080802e-14,5.684341886080802e-14
120980,273.24527,273.2452697753907,-5.684341886080802e-14,5.684341886080802e-14
120981,295.25812,295.2581176757813,-5.684341886080802e-14,5.684341886080802e-14
120995,318.70175,318.70175170898443,-5.684341886080802e-14,5.684341886080802e-14
120999,216.56061,216.5606079101563,-5.684341886080802e-14,5.684341886080802e-14
121004,250.12688,250.12687683105474,-5.684341886080802e-14,5.684341886080802e-14
121015,331.62177,331.6217651367188,-5.684341886080802e-14,5.684341886080802e-14
121022,219.94713,219.9471282958985,-5.684341886080802e-14,5.684341886080802e-14
121027,282.84375,282.84375000000006,-5.684341886080802e-14,5.684341886080802e-14
121030,287.75348,287.7534790039063,-5.684341886080802e-14,5.684341886080802e-14
121037,204.13335,204.13334655761724,-5.684341886080802e-14,5.684341886080802e-14
121043,343.8548,343.8547973632813,-5.684341886080802e-14,5.684341886080802e-14
121047,209.2619,209.2619018554688,-5.684341886080802e-14,5.684341886080802e-14
121054,193.54909,193.54908752441412,-5.684341886080802e-14,5.684341886080802e-14
121067,350.22864,350.22863769531256,-5.684341886080802e-14,5.684341886080802e-14
121068,251.9021,251.90209960937506,-5.684341886080802e-14,5.684341886080802e-14
121070,234.28574,234.28573608398443,-5.684341886080802e-14,5.684341886080802e-14
121071,234.0633,234.0632934570313,-5.684341886080802e-14,5.684341886080802e-14
121080,241.23221,241.23220825195318,-5.684341886080802e-14,5.684341886080802e-14
121105,310.90448,310.9044799804688,-5.684341886080802e-14,5.684341886080802e-14
121106,259.59467,259.5946655273438,-5.684341886080802e-14,5.684341886080802e-14
121117,237.41396,237.41395568847662,-5.684341886080802e-14,5.684341886080802e-14
121119,187.7798,187.77980041503912,-5.684341886080802e-14,5.684341886080802e-14
121122,252.15244,252.15243530273443,-5.684341886080802e-14,5.684341886080802e-14
121123,297.3062,297.3062133789063,-5.684341886080802e-14,5.684341886080802e-14
121125,344.1611,344.16110229492193,-5.684341886080802e-14,5.684341886080802e-14
121148,273.27264,273.2726440429688,-5.684341886080802e-14,5.684341886080802e-14
121153,332.3397,332.33969116210943,-5.684341886080802e-14,5.684341886080802e-14
121154,262.6883,262.6882934570313,-5.684341886080802e-14,5.684341886080802e-14
121156,277.78635,277.78634643554693,-5.684341886080802e-14,5.684341886080802e-14
121165,210.11772,210.11772155761724,-5.684341886080802e-14,5.684341886080802e-14
121172,315.74496,315.74496459960943,-5.684341886080802e-14,5.684341886080802e-14
121173,295.72894,295.7289428710938,-5.684341886080802e-14,5.684341886080802e-14
121175,198.90717,198.9071655273438,-5.684341886080802e-14,5.684341886080802e-14
121176,250.17322,250.17321777343756,-5.684341886080802e-14,5.684341886080802e-14
121178,277.11963,277.11962890625006,-5.684341886080802e-14,5.684341886080802e-14
121182,270.42285,270.42285156250006,-5.684341886080802e-14,5.684341886080802e-14
121187,276.4732,276.4732055664063,-5.684341886080802e-14,5.684341886080802e-14
121200,258.5577,258.55770874023443,-5.684341886080802e-14,5.684341886080802e-14
121205,304.8064,304.80639648437506,-5.684341886080802e-14,5.684341886080802e-14
121208,247.7424,247.74240112304693,-5.684341886080802e-14,5.684341886080802e-14
121210,273.35602,273.3560180664063,-5.684341886080802e-14,5.684341886080802e-14
121215,210.75049,210.75048828125006,-5.684341886080802e-14,5.684341886080802e-14
121220,262.89172,262.89172363281256,-5.684341886080802e-14,5.684341886080802e-14
121225,234.97037,234.97036743164068,-5.684341886080802e-14,5.684341886080802e-14
121237,257.477,257.4769897460938,-5.684341886080802e-14,5.684341886080802e-14
121243,283.25684,283.25683593750006,-5.684341886080802e-14,5.684341886080802e-14
121245,186.61787,186.61787414550787,-5.684341886080802e-14,5.684341886080802e-14
121254,220.31714,220.31713867187506,-5.684341886080802e-14,5.684341886080802e-14
121266,237.35942,237.35942077636724,-5.684341886080802e-14,5.684341886080802e-14
121269,303.31973,303.3197326660157,-5.684341886080802e-14,5.684341886080802e-14
121274,350.18576,350.18576049804693,-5.684341886080802e-14,5.684341886080802e-14
121291,330.1092,330.1091918945313,-5.684341886080802e-14,5.684341886080802e-14
121294,254.62418,254.62417602539068,-5.684341886080802e-14,5.684341886080802e-14
121295,247.15263,247.15263366699224,-5.684341886080802e-14,5.684341886080802e-14
121299,271.74622,271.74621582031256,-5.684341886080802e-14,5.684341886080802e-14
121303,222.16237,222.16236877441412,-5.684341886080802e-14,5.684341886080802e-14
121304,268.5279,268.5278930664063,-5.684341886080802e-14,5.684341886080802e-14
121326,225.90944,225.90943908691412,-5.684341886080802e-14,5.684341886080802e-14
121353,253.09285,253.09284973144537,-5.684341886080802e-14,5.684341886080802e-14
121364,266.80753,266.8075256347657,-5.684341886080802e-14,5.684341886080802e-14
121378,216.48956,216.4895629882813,-5.684341886080802e-14,5.684341886080802e-14
121381,342.06247,342.06246948242193,-5.684341886080802e-14,5.684341886080802e-14
121390,232.28217,232.2821655273438,-5.684341886080802e-14,5.684341886080802e-14
121405,225.21729,225.21728515625006,-5.684341886080802e-14,5.684341886080802e-14
121408,256.66666,256.6666564941407,-5.684341886080802e-14,5.684341886080802e-14
121415,202.65506,202.65505981445318,-5.684341886080802e-14,5.684341886080802e-14
121422,231.87964,231.87963867187506,-5.684341886080802e-14,5.684341886080802e-14
121428,278.0079,278.00790405273443,-5.684341886080802e-14,5.684341886080802e-14
121435,217.4664,217.46640014648443,-5.684341886080802e-14,5.684341886080802e-14
121442,315.45566,315.45565795898443,-5.684341886080802e-14,5.684341886080802e-14
121449,199.71072,199.71072387695318,-5.684341886080802e-14,5.684341886080802e-14
121450,210.19405,210.19404602050787,-5.684341886080802e-14,5.684341886080802e-14
121451,219.41454,219.414535522461,-5.684341886080802e-14,5.684341886080802e-14
121457,278.43835,278.43835449218756,-5.684341886080802e-14,5.684341886080802e-14
121462,252.00986,252.00985717773443,-5.684341886080802e-14,5.684341886080802e-14
121475,217.23227,217.23226928710943,-5.684341886080802e-14,5.684341886080802e-14
121480,309.19226,309.19226074218756,-5.684341886080802e-14,5.684341886080802e-14
121483,207.17523,207.1752319335938,-5.684341886080802e-14,5.684341886080802e-14
121491,213.80669,213.80668640136724,-5.684341886080802e-14,5.684341886080802e-14
121499,199.28314,199.2831420898438,-5.684341886080802e-14,5.684341886080802e-14
121512,270.19888,270.1988830566407,-5.684341886080802e-14,5.684341886080802e-14
121532,310.36423,310.36422729492193,-5.684341886080802e-14,5.684341886080802e-14
121535,253.90372,253.90371704101568,-5.684341886080802e-14,5.684341886080802e-14
121541,296.40872,296.4087219238282,-5.684341886080802e-14,5.684341886080802e-14
121543,340.9156,340.9155883789063,-5.684341886080802e-14,5.684341886080802e-14
121548,271.775,271.77499389648443,-5.684341886080802e-14,5.684341886080802e-14
121550,220.15808,220.15808105468756,-5.684341886080802e-14,5.684341886080802e-14
121577,171.68182,171.6818237304688,-5.684341886080802e-14,5.684341886080802e-14
121581,256.1106,256.11059570312506,-5.684341886080802e-14,5.684341886080802e-14
121582,204.73404,204.73403930664068,-5.684341886080802e-14,5.684341886080802e-14
121585,207.46387,207.46386718750006,-5.684341886080802e-14,5.684341886080802e-14
121588,286.37814,286.37814331054693,-5.684341886080802e-14,5.684341886080802e-14
121594,277.6445,277.64450073242193,-5.684341886080802e-14,5.684341886080802e-14
121598,359.96384,359.96383666992193,-5.684341886080802e-14,5.684341886080802e-14
121606,255.42375,255.42375183105474,-5.684341886080802e-14,5.684341886080802e-14
121617,206.32495,206.32495117187506,-5.684341886080802e-14,5.684341886080802e-14
121620,264.63962,264.63961791992193,-5.684341886080802e-14,5.684341886080802e-14
121622,230.25652,230.25651550292974,-5.684341886080802e-14,5.684341886080802e-14
121629,273.1602,273.1601867675782,-5.684341886080802e-14,5.684341886080802e-14
121637,335.8497,335.84970092773443,-5.684341886080802e-14,5.684341886080802e-14
121638,217.87354,217.87353515625006,-5.684341886080802e-14,5.684341886080802e-14
121648,276.2419,276.24191284179693,-5.684341886080802e-14,5.684341886080802e-14
121650,248.59274,248.59274291992193,-5.684341886080802e-14,5.684341886080802e-14
121663,231.16922,231.16921997070318,-5.684341886080802e-14,5.684341886080802e-14
121664,255.78722,255.7872161865235,-5.684341886080802e-14,5.684341886080802e-14
121666,221.64519,221.64518737792974,-5.684341886080802e-14,5.684341886080802e-14
121674,206.0923,206.09230041503912,-5.684341886080802e-14,5.684341886080802e-14
121675,277.46048,277.4604797363282,-5.684341886080802e-14,5.684341886080802e-14
121682,298.96463,298.9646301269532,-5.684341886080802e-14,5.684341886080802e-14
121688,191.22667,191.2266693115235,-5.684341886080802e-14,5.684341886080802e-14
121695,289.38257,289.38256835937506,-5.684341886080802e-14,5.684341886080802e-14
121699,280.40527,280.40527343750006,-5.684341886080802e-14,5.684341886080802e-14
121701,201.37009,201.37008666992193,-5.684341886080802e-14,5.684341886080802e-14
121704,190.83775,190.8377532958985,-5.684341886080802e-14,5.684341886080802e-14
121711,220.09943,220.0994262695313,-5.684341886080802e-14,5.684341886080802e-14
121720,228.31635,228.3163452148438,-5.684341886080802e-14,5.684341886080802e-14
121742,214.07784,214.07783508300787,-5.684341886080802e-14,5.684341886080802e-14
121746,255.27078,255.27078247070318,-5.684341886080802e-14,5.684341886080802e-14
121751,347.0761,347.0761108398438,-5.684341886080802e-14,5.684341886080802e-14
121762,208.02083,208.02082824707037,-5.684341886080802e-14,5.684341886080802e-14
121773,295.24667,295.24667358398443,-5.684341886080802e-14,5.684341886080802e-14
121783,298.1753,298.17529296875006,-5.684341886080802e-14,5.684341886080802e-14
121785,317.60913,317.60913085937506,-5.684341886080802e-14,5.684341886080802e-14
121789,236.37376,236.373764038086,-5.684341886080802e-14,5.684341886080802e-14
121808,208.63934,208.6393432617188,-5.684341886080802e-14,5.684341886080802e-14
121812,280.63834,280.6383361816407,-5.684341886080802e-14,5.684341886080802e-14
121824,229.2311,229.23109436035162,-5.684341886080802e-14,5.684341886080802e-14
121826,289.53973,289.5397338867188,-5.684341886080802e-14,5.684341886080802e-14
121871,209.67636,209.67636108398443,-5.684341886080802e-14,5.684341886080802e-14
121875,307.7489,307.74890136718756,-5.684341886080802e-14,5.684341886080802e-14
121879,273.98492,273.9849243164063,-5.684341886080802e-14,5.684341886080802e-14
121883,304.90054,304.9005432128907,-5.684341886080802e-14,5.684341886080802e-14
121891,335.83032,335.83032226562506,-5.684341886080802e-14,5.684341886080802e-14
121897,229.55188,229.55187988281256,-5.684341886080802e-14,5.684341886080802e-14
121918,201.3989,201.39889526367193,-5.684341886080802e-14,5.684341886080802e-14
121919,180.79823,180.79823303222662,-5.684341886080802e-14,5.684341886080802e-14
121920,230.9749,230.97489929199224,-5.684341886080802e-14,5.684341886080802e-14
121935,199.3517,199.35169982910162,-5.684341886080802e-14,5.684341886080802e-14
121970,248.19962,248.19961547851568,-5.684341886080802e-14,5.684341886080802e-14
121987,262.24557,262.24557495117193,-5.684341886080802e-14,5.684341886080802e-14
122004,268.18814,268.1881408691407,-5.684341886080802e-14,5.684341886080802e-14
122018,183.5309,183.53089904785162,-5.684341886080802e-14,5.684341886080802e-14
122029,264.9201,264.9201049804688,-5.684341886080802e-14,5.684341886080802e-14
122038,239.9459,239.9459075927735,-5.684341886080802e-14,5.684341886080802e-14
122039,256.97418,256.9741821289063,-5.684341886080802e-14,5.684341886080802e-14
122047,276.1517,276.15170288085943,-5.684341886080802e-14,5.684341886080802e-14
122049,198.56749,198.5674896240235,-5.684341886080802e-14,5.684341886080802e-14
122056,305.34515,305.3451538085938,-5.684341886080802e-14,5.684341886080802e-14
122063,248.17456,248.17456054687506,-5.684341886080802e-14,5.684341886080802e-14
122064,314.69852,314.6985168457032,-5.684341886080802e-14,5.684341886080802e-14
122074,264.003,264.0029907226563,-5.684341886080802e-14,5.684341886080802e-14
122077,241.99931,241.99931335449224,-5.684341886080802e-14,5.684341886080802e-14
122099,249.06808,249.06808471679693,-5.684341886080802e-14,5.684341886080802e-14
122102,344.11438,344.11437988281256,-5.684341886080802e-14,5.684341886080802e-14
122153,329.32144,329.3214416503907,-5.684341886080802e-14,5.684341886080802e-14
122157,190.08649,190.0864868164063,-5.684341886080802e-14,5.684341886080802e-14
122162,200.95555,200.955551147461,-5.684341886080802e-14,5.684341886080802e-14
122179,208.96906,208.9690551757813,-5.684341886080802e-14,5.684341886080802e-14
122190,226.95987,226.95986938476568,-5.684341886080802e-14,5.684341886080802e-14
122193,270.3792,270.3792114257813,-5.684341886080802e-14,5.684341886080802e-14
122195,325.81015,325.81015014648443,-5.684341886080802e-14,5.684341886080802e-14
122198,201.74745,201.74745178222662,-5.684341886080802e-14,5.684341886080802e-14
122215,260.03973,260.0397338867188,-5.684341886080802e-14,5.684341886080802e-14
122222,269.0253,269.0252990722657,-5.684341886080802e-14,5.684341886080802e-14
122229,315.11008,315.11007690429693,-5.684341886080802e-14,5.684341886080802e-14
122238,190.5787,190.57870483398443,-5.684341886080802e-14,5.684341886080802e-14
122239,199.1482,199.14819335937506,-5.684341886080802e-14,5.684341886080802e-14
122257,193.64645,193.64645385742193,-5.684341886080802e-14,5.684341886080802e-14
122264,246.76004,246.76004028320318,-5.684341886080802e-14,5.684341886080802e-14
122270,208.68274,208.68273925781256,-5.684341886080802e-14,5.684341886080802e-14
122276,275.2702,275.2702026367188,-5.684341886080802e-14,5.684341886080802e-14
122277,192.10089,192.10089111328134,-8.526512829121202e-14,8.526512829121202e-14
122282,253.78947,253.78947448730474,-5.684341886080802e-14,5.684341886080802e-14
122299,209.34543,209.34542846679693,-5.684341886080802e-14,5.684341886080802e-14
122302,186.54308,186.5430755615235,-5.684341886080802e-14,5.684341886080802e-14
122305,380.12054,380.1205444335938,-5.684341886080802e-14,5.684341886080802e-14
122306,244.07747,244.07746887207037,-5.684341886080802e-14,5.684341886080802e-14
122311,183.31575,183.31575012207037,-5.684341886080802e-14,5.684341886080802e-14
122323,274.3191,274.31909179687506,-5.684341886080802e-14,5.684341886080802e-14
122332,186.14008,186.14007568359384,-8.526512829121202e-14,8.526512829121202e-14
122335,212.86717,212.867172241211,-5.684341886080802e-14,5.684341886080802e-14
122343,338.2031,338.20309448242193,-5.684341886080802e-14,5.684341886080802e-14
122355,286.68634,286.6863403320313,-5.684341886080802e-14,5.684341886080802e-14
122360,188.46301,188.46301269531256,-5.684341886080802e-14,5.684341886080802e-14
122378,207.41493,207.41493225097662,-5.684341886080802e-14,5.684341886080802e-14
122408,204.1169,204.11689758300787,-5.684341886080802e-14,5.684341886080802e-14
122416,218.09744,218.09744262695318,-5.684341886080802e-14,5.684341886080802e-14
122428,246.71587,246.71586608886724,-5.684341886080802e-14,5.684341886080802e-14
122431,232.76904,232.76904296875006,-5.684341886080802e-14,5.684341886080802e-14
122453,302.28107,302.2810668945313,-5.684341886080802e-14,5.684341886080802e-14
122473,345.3325,345.33248901367193,-5.684341886080802e-14,5.684341886080802e-14
122490,274.69617,274.69616699218756,-5.684341886080802e-14,5.684341886080802e-14
122499,257.07068,257.07067871093756,-5.684341886080802e-14,5.684341886080802e-14
122512,230.63116,230.6311645507813,-5.684341886080802e-14,5.684341886080802e-14
122514,277.733,277.73300170898443,-5.684341886080802e-14,5.684341886080802e-14
122517,301.1165,301.1164855957032,-5.684341886080802e-14,5.684341886080802e-14
122528,186.38512,186.3851165771485,-5.684341886080802e-14,5.684341886080802e-14
122536,227.0136,227.01359558105474,-5.684341886080802e-14,5.684341886080802e-14
122543,302.29135,302.29135131835943,-5.684341886080802e-14,5.684341886080802e-14
122546,278.4492,278.44918823242193,-5.684341886080802e-14,5.684341886080802e-14
122551,182.65817,182.65817260742193,-5.684341886080802e-14,5.684341886080802e-14
122561,185.56914,185.56913757324224,-5.684341886080802e-14,5.684341886080802e-14
122563,293.30084,293.3008422851563,-5.684341886080802e-14,5.684341886080802e-14
122569,292.82104,292.82104492187506,-5.684341886080802e-14,5.684341886080802e-14
122602,245.1533,245.153305053711,-5.684341886080802e-14,5.684341886080802e-14
122612,224.46799,224.46798706054693,-5.684341886080802e-14,5.684341886080802e-14
122616,289.3703,289.3703002929688,-5.684341886080802e-14,5.684341886080802e-14
122629,312.68616,312.68615722656256,-5.684341886080802e-14,5.684341886080802e-14
122636,254.79887,254.79887390136724,-5.684341886080802e-14,5.684341886080802e-14
122654,271.38245,271.38244628906256,-5.684341886080802e-14,5.684341886080802e-14
122662,248.6206,248.62060546875006,-5.684341886080802e-14,5.684341886080802e-14
122677,247.42645,247.4264526367188,-5.684341886080802e-14,5.684341886080802e-14
122678,267.27487,267.27487182617193,-5.684341886080802e-14,5.684341886080802e-14
122686,317.91577,317.91577148437506,-5.684341886080802e-14,5.684341886080802e-14
122703,221.37434,221.37434387207037,-5.684341886080802e-14,5.684341886080802e-14
122707,234.79987,234.7998657226563,-5.684341886080802e-14,5.684341886080802e-14
122710,191.26941,191.26940917968756,-5.684341886080802e-14,5.684341886080802e-14
122718,223.60335,223.60334777832037,-5.684341886080802e-14,5.684341886080802e-14
122724,298.8069,298.80688476562506,-5.684341886080802e-14,5.684341886080802e-14
122730,257.4002,257.4002075195313,-5.684341886080802e-14,5.684341886080802e-14
122741,234.77805,234.77804565429693,-5.684341886080802e-14,5.684341886080802e-14
122746,248.36868,248.36868286132818,-5.684341886080802e-14,5.684341886080802e-14
122760,307.83096,307.8309631347657,-5.684341886080802e-14,5.684341886080802e-14
122770,291.7844,291.78439331054693,-5.684341886080802e-14,5.684341886080802e-14
122783,211.19966,211.19966125488287,-5.684341886080802e-14,5.684341886080802e-14
122807,200.59,200.58999633789068,-5.684341886080802e-14,5.684341886080802e-14
122813,272.99734,272.9973449707032,-5.684341886080802e-14,5.684341886080802e-14
122816,265.65576,265.65576171875006,-5.684341886080802e-14,5.684341886080802e-14
122820,288.9048,288.90478515625006,-5.684341886080802e-14,5.684341886080802e-14
122848,325.9427,325.9426879882813,-5.684341886080802e-14,5.684341886080802e-14
122860,238.0038,238.00379943847662,-5.684341886080802e-14,5.684341886080802e-14
122866,190.26567,190.26567077636727,-8.526512829121202e-14,8.526512829121202e-14
122877,163.97266,163.97265625000009,-8.526512829121202e-14,8.526512829121202e-14
122893,321.1528,321.15280151367193,-5.684341886080802e-14,5.684341886080802e-14
122896,319.87222,319.8722229003907,-5.684341886080802e-14,5.684341886080802e-14
122902,243.61098,243.61097717285162,-5.684341886080802e-14,5.684341886080802e-14
122914,188.1653,188.16529846191412,-5.684341886080802e-14,5.684341886080802e-14
122922,239.14687,239.14686584472662,-5.684341886080802e-14,5.684341886080802e-14
122934,277.0879,277.08789062500006,-5.684341886080802e-14,5.684341886080802e-14
122939,204.29294,204.29293823242193,-5.684341886080802e-14,5.684341886080802e-14
122944,203.19992,203.19992065429693,-5.684341886080802e-14,5.684341886080802e-14
122945,272.99847,272.9984741210938,-5.684341886080802e-14,5.684341886080802e-14
122949,205.44542,205.4454193115235,-5.684341886080802e-14,5.684341886080802e-14
122951,188.05664,188.05664062500006,-5.684341886080802e-14,5.684341886080802e-14
122952,263.75797,263.7579650878907,-5.684341886080802e-14,5.684341886080802e-14
122962,349.44885,349.44885253906256,-5.684341886080802e-14,5.684341886080802e-14
122973,286.03458,286.0345764160157,-5.684341886080802e-14,5.684341886080802e-14
122981,190.4294,190.42939758300787,-5.684341886080802e-14,5.684341886080802e-14
123009,339.44638,339.44638061523443,-5.684341886080802e-14,5.684341886080802e-14
123014,259.7919,259.7919006347657,-5.684341886080802e-14,5.684341886080802e-14
123015,198.1557,198.1557006835938,-5.684341886080802e-14,5.684341886080802e-14
123026,293.72382,293.7238159179688,-5.684341886080802e-14,5.684341886080802e-14
123029,263.89755,263.89755249023443,-5.684341886080802e-14,5.684341886080802e-14
123032,277.3201,277.3200988769532,-5.684341886080802e-14,5.684341886080802e-14
123069,236.4676,236.46760559082037,-5.684341886080802e-14,5.684341886080802e-14
123070,290.6174,290.61740112304693,-5.684341886080802e-14,5.684341886080802e-14
123073,237.01166,237.0116577148438,-5.684341886080802e-14,5.684341886080802e-14
123081,284.70105,284.70104980468756,-5.684341886080802e-14,5.684341886080802e-14
123089,220.42506,220.42506408691412,-5.684341886080802e-14,5.684341886080802e-14
123107,310.91238,310.9123840332032,-5.684341886080802e-14,5.684341886080802e-14
123111,194.2816,194.2816009521485,-5.684341886080802e-14,5.684341886080802e-14
123138,236.10835,236.10835266113287,-5.684341886080802e-14,5.684341886080802e-14
123139,219.7218,219.72180175781256,-5.684341886080802e-14,5.684341886080802e-14
123147,264.85733,264.8573303222657,-5.684341886080802e-14,5.684341886080802e-14
123158,198.95042,198.950424194336,-5.684341886080802e-14,5.684341886080802e-14
123159,201.01613,201.01612854003912,-5.684341886080802e-14,5.684341886080802e-14
123160,346.80435,346.8043518066407,-5.684341886080802e-14,5.684341886080802e-14
123167,208.52075,208.52075195312506,-5.684341886080802e-14,5.684341886080802e-14
123169,208.13689,208.13688659667974,-5.684341886080802e-14,5.684341886080802e-14
123172,350.6663,350.6662902832032,-5.684341886080802e-14,5.684341886080802e-14
123173,330.85925,330.85925292968756,-5.684341886080802e-14,5.684341886080802e-14
123174,246.87428,246.87428283691412,-5.684341886080802e-14,5.684341886080802e-14
123175,281.2916,281.29159545898443,-5.684341886080802e-14,5.684341886080802e-14
123182,226.37926,226.3792572021485,-5.684341886080802e-14,5.684341886080802e-14
123190,321.00052,321.0005187988282,-5.684341886080802e-14,5.684341886080802e-14
123197,258.4916,258.4916076660157,-5.684341886080802e-14,5.684341886080802e-14
123199,215.8104,215.81039428710943,-5.684341886080802e-14,5.684341886080802e-14
123210,247.14928,247.1492767333985,-5.684341886080802e-14,5.684341886080802e-14
123216,324.97186,324.9718627929688,-5.684341886080802e-14,5.684341886080802e-14
123233,294.44974,294.4497375488282,-5.684341886080802e-14,5.684341886080802e-14
123234,228.87804,228.8780364990235,-5.684341886080802e-14,5.684341886080802e-14
123235,310.9382,310.93820190429693,-5.684341886080802e-14,5.684341886080802e-14
123237,225.30739,225.30738830566412,-5.684341886080802e-14,5.684341886080802e-14
123244,196.54028,196.54028320312506,-5.684341886080802e-14,5.684341886080802e-14
123258,254.55739,254.55738830566412,-5.684341886080802e-14,5.684341886080802e-14
123265,192.50995,192.5099487304688,-5.684341886080802e-14,5.684341886080802e-14
123268,271.20837,271.20837402343756,-5.684341886080802e-14,5.684341886080802e-14
123275,281.28802,281.2880249023438,-5.684341886080802e-14,5.684341886080802e-14
123277,310.5936,310.59359741210943,-5.684341886080802e-14,5.684341886080802e-14
123295,245.68793,245.6879272460938,-5.684341886080802e-14,5.684341886080802e-14
123297,225.83275,225.832748413086,-5.684341886080802e-14,5.684341886080802e-14
123302,258.8709,258.8709106445313,-5.684341886080802e-14,5.684341886080802e-14
123310,355.269,355.26901245117193,-5.684341886080802e-14,5.684341886080802e-14
123317,273.60364,273.60363769531256,-5.684341886080802e-14,5.684341886080802e-14
123318,268.0174,268.0173950195313,-5.684341886080802e-14,5.684341886080802e-14
123322,227.20575,227.2057495117188,-5.684341886080802e-14,5.684341886080802e-14
123343,263.18558,263.1855773925782,-5.684341886080802e-14,5.684341886080802e-14
123360,245.61667,245.61666870117193,-5.684341886080802e-14,5.684341886080802e-14
123388,297.5128,297.51278686523443,-5.684341886080802e-14,5.684341886080802e-14
123403,233.0788,233.0787963867188,-5.684341886080802e-14,5.684341886080802e-14
123411,324.6242,324.6242065429688,-5.684341886080802e-14,5.684341886080802e-14
123426,239.71466,239.7146606445313,-5.684341886080802e-14,5.684341886080802e-14
123443,194.43898,194.4389801025391,-2.842170943040401e-14,2.842170943040401e-14
123453,203.66168,203.6616821289063,-5.684341886080802e-14,5.684341886080802e-14
123454,320.06964,320.0696411132813,-5.684341886080802e-14,5.684341886080802e-14
123460,211.70082,211.70082092285162,-5.684341886080802e-14,5.684341886080802e-14
123484,208.77074,208.770736694336,-5.684341886080802e-14,5.684341886080802e-14
123487,247.4625,247.46249389648443,-5.684341886080802e-14,5.684341886080802e-14
123492,302.17822,302.17822265625006,-5.684341886080802e-14,5.684341886080802e-14
123493,184.88371,184.88371276855474,-5.684341886080802e-14,5.684341886080802e-14
123506,255.78253,255.7825317382813,-5.684341886080802e-14,5.684341886080802e-14
123511,264.00525,264.00524902343756,-5.684341886080802e-14,5.684341886080802e-14
123521,332.7448,332.7448120117188,-5.684341886080802e-14,5.684341886080802e-14
123525,219.5013,219.50129699707037,-5.684341886080802e-14,5.684341886080802e-14
123528,239.07588,239.07588195800787,-5.684341886080802e-14,5.684341886080802e-14
123534,188.39333,188.39332580566412,-5.684341886080802e-14,5.684341886080802e-14
123548,203.28795,203.2879486083985,-5.684341886080802e-14,5.684341886080802e-14
123568,229.85071,229.85070800781256,-5.684341886080802e-14,5.684341886080802e-14
123571,284.79178,284.7917785644532,-5.684341886080802e-14,5.684341886080802e-14
123583,284.21985,284.21984863281256,-5.684341886080802e-14,5.684341886080802e-14
123584,306.15073,306.15072631835943,-5.684341886080802e-14,5.684341886080802e-14
123614,187.68314,187.68313598632818,-5.684341886080802e-14,5.684341886080802e-14
123624,328.0385,328.0385131835938,-5.684341886080802e-14,5.684341886080802e-14
123627,272.4198,272.41979980468756,-5.684341886080802e-14,5.684341886080802e-14
123628,226.61995,226.61994934082037,-5.684341886080802e-14,5.684341886080802e-14
123635,276.59937,276.59936523437506,-5.684341886080802e-14,5.684341886080802e-14
123638,328.00067,328.0006713867188,-5.684341886080802e-14,5.684341886080802e-14
123648,299.98468,299.9846801757813,-5.684341886080802e-14,5.684341886080802e-14
123653,200.41592,200.41592407226568,-5.684341886080802e-14,5.684341886080802e-14
123668,239.63374,239.63374328613287,-5.684341886080802e-14,5.684341886080802e-14
123673,229.21774,229.21774291992193,-5.684341886080802e-14,5.684341886080802e-14
123676,202.65805,202.65805053710943,-5.684341886080802e-14,5.684341886080802e-14
123692,224.07341,224.07341003417974,-5.684341886080802e-14,5.684341886080802e-14
123704,231.21089,231.21089172363287,-5.684341886080802e-14,5.684341886080802e-14
123720,326.25195,326.25195312500006,-5.684341886080802e-14,5.684341886080802e-14
123722,197.96617,197.9661712646485,-5.684341886080802e-14,5.684341886080802e-14
123726,225.9342,225.93420410156256,-5.684341886080802e-14,5.684341886080802e-14
123729,317.76077,317.7607727050782,-5.684341886080802e-14,5.684341886080802e-14
123746,301.4649,301.4649047851563,-5.684341886080802e-14,5.684341886080802e-14
123748,236.5929,236.59289550781256,-5.684341886080802e-14,5.684341886080802e-14
123751,287.11896,287.1189575195313,-5.684341886080802e-14,5.684341886080802e-14
123773,227.39061,227.390609741211,-5.684341886080802e-14,5.684341886080802e-14
123774,211.7018,211.70179748535162,-5.684341886080802e-14,5.684341886080802e-14
123775,256.5692,256.56921386718756,-5.684341886080802e-14,5.684341886080802e-14
123798,244.08977,244.08976745605474,-5.684341886080802e-14,5.684341886080802e-14
123802,266.04205,266.0420532226563,-5.684341886080802e-14,5.684341886080802e-14
123825,190.90356,190.90356445312506,-5.684341886080802e-14,5.684341886080802e-14
123839,195.09846,195.09846496582037,-5.684341886080802e-14,5.684341886080802e-14
123841,283.31213,283.31213378906256,-5.684341886080802e-14,5.684341886080802e-14
123847,287.27576,287.27575683593756,-5.684341886080802e-14,5.684341886080802e-14
123853,237.91328,237.91328430175787,-5.684341886080802e-14,5.684341886080802e-14
123861,234.1164,234.1163940429688,-5.684341886080802e-14,5.684341886080802e-14
123866,266.94272,266.94271850585943,-5.684341886080802e-14,5.684341886080802e-14
123879,272.1821,272.18209838867193,-5.684341886080802e-14,5.684341886080802e-14
123885,297.88803,297.88803100585943,-5.684341886080802e-14,5.684341886080802e-14
123892,323.79752,323.7975158691407,-5.684341886080802e-14,5.684341886080802e-14
123904,294.33246,294.3324584960938,-5.684341886080802e-14,5.684341886080802e-14
123918,288.87863,288.87863159179693,-5.684341886080802e-14,5.684341886080802e-14
123920,310.99908,310.9990844726563,-5.684341886080802e-14,5.684341886080802e-14
123935,313.44513,313.4451293945313,-5.684341886080802e-14,5.684341886080802e-14
123948,358.13168,358.13168334960943,-5.684341886080802e-14,5.684341886080802e-14
123950,301.97995,301.97994995117193,-5.684341886080802e-14,5.684341886080802e-14
123963,321.33362,321.33361816406256,-5.684341886080802e-14,5.684341886080802e-14
123964,286.59485,286.59484863281256,-5.684341886080802e-14,5.684341886080802e-14
123976,280.12222,280.1222229003907,-5.684341886080802e-14,5.684341886080802e-14
123984,272.56125,272.56124877929693,-5.684341886080802e-14,5.684341886080802e-14
123986,219.17903,219.17903137207037,-5.684341886080802e-14,5.684341886080802e-14
123995,246.18535,246.18534851074224,-5.684341886080802e-14,5.684341886080802e-14
124003,199.49779,199.497787475586,-5.684341886080802e-14,5.684341886080802e-14
124025,319.4389,319.4389038085938,-5.684341886080802e-14,5.684341886080802e-14
124027,251.23772,251.23771667480474,-5.684341886080802e-14,5.684341886080802e-14
124041,216.90788,216.90788269042974,-5.684341886080802e-14,5.684341886080802e-14
124043,256.12167,256.12167358398443,-5.684341886080802e-14,5.684341886080802e-14
124062,277.05667,277.0566711425782,-5.684341886080802e-14,5.684341886080802e-14
124063,194.99413,194.994125366211,-5.684341886080802e-14,5.684341886080802e-14
124071,257.34747,257.3474731445313,-5.684341886080802e-14,5.684341886080802e-14
124075,237.3255,237.3255004882813,-5.684341886080802e-14,5.684341886080802e-14
124076,231.61276,231.61276245117193,-5.684341886080802e-14,5.684341886080802e-14
124091,307.41287,307.4128723144532,-5.684341886080802e-14,5.684341886080802e-14
124092,285.58066,285.58065795898443,-5.684341886080802e-14,5.684341886080802e-14
124094,207.16023,207.16023254394537,-5.684341886080802e-14,5.684341886080802e-14
124102,235.92978,235.92977905273443,-5.684341886080802e-14,5.684341886080802e-14
124107,222.96086,222.96086120605474,-5.684341886080802e-14,5.684341886080802e-14
124111,176.30092,176.30091857910162,-5.684341886080802e-14,5.684341886080802e-14
124115,306.39923,306.3992309570313,-5.684341886080802e-14,5.684341886080802e-14
124122,304.30493,304.30493164062506,-5.684341886080802e-14,5.684341886080802e-14
124124,304.27878,304.27877807617193,-5.684341886080802e-14,5.684341886080802e-14
124127,208.04514,208.04513549804693,-5.684341886080802e-14,5.684341886080802e-14
124129,244.9694,244.96940612792974,-5.684341886080802e-14,5.684341886080802e-14
124134,233.6695,233.6694946289063,-5.684341886080802e-14,5.684341886080802e-14
124153,200.20375,200.20375061035162,-5.684341886080802e-14,5.684341886080802e-14
124170,266.9474,266.94738769531256,-5.684341886080802e-14,5.684341886080802e-14
124176,234.39117,234.3911743164063,-5.684341886080802e-14,5.684341886080802e-14
124178,283.98016,283.9801635742188,-5.684341886080802e-14,5.684341886080802e-14
124179,271.37997,271.37997436523443,-5.684341886080802e-14,5.684341886080802e-14
124194,299.87384,299.8738403320313,-5.684341886080802e-14,5.684341886080802e-14
124208,272.94193,272.9419250488282,-5.684341886080802e-14,5.684341886080802e-14
124233,204.0949,204.09489440917974,-5.684341886080802e-14,5.684341886080802e-14
124234,215.1492,215.14920043945318,-5.684341886080802e-14,5.684341886080802e-14
124246,247.45773,247.45773315429693,-5.684341886080802e-14,5.684341886080802e-14
124280,311.84476,311.8447570800782,-5.684341886080802e-14,5.684341886080802e-14
124281,196.41896,196.41896057128912,-5.684341886080802e-14,5.684341886080802e-14
124291,178.48997,178.489974975586,-5.684341886080802e-14,5.684341886080802e-14
124303,243.20093,243.20092773437506,-5.684341886080802e-14,5.684341886080802e-14
124314,220.97913,220.97912597656256,-5.684341886080802e-14,5.684341886080802e-14
124318,208.01492,208.01492309570318,-5.684341886080802e-14,5.684341886080802e-14
124319,338.19138,338.19137573242193,-5.684341886080802e-14,5.684341886080802e-14
124320,257.96207,257.9620666503907,-5.684341886080802e-14,5.684341886080802e-14
124328,267.93176,267.93176269531256,-5.684341886080802e-14,5.684341886080802e-14
124334,246.8444,246.84440612792974,-5.684341886080802e-14,5.684341886080802e-14
124336,343.87692,343.87692260742193,-5.684341886080802e-14,5.684341886080802e-14
124342,234.12868,234.12867736816412,-5.684341886080802e-14,5.684341886080802e-14
124351,265.57004,265.57003784179693,-5.684341886080802e-14,5.684341886080802e-14
124360,300.11984,300.11984252929693,-5.684341886080802e-14,5.684341886080802e-14
124365,325.81158,325.8115844726563,-5.684341886080802e-14,5.684341886080802e-14
124370,249.10085,249.10084533691412,-5.684341886080802e-14,5.684341886080802e-14
124376,235.75916,235.75915527343756,-5.684341886080802e-14,5.684341886080802e-14
124377,321.47717,321.47717285156256,-5.684341886080802e-14,5.684341886080802e-14
124396,269.92365,269.9236450195313,-5.684341886080802e-14,5.684341886080802e-14
124401,216.68454,216.68453979492193,-5.684341886080802e-14,5.684341886080802e-14
124408,301.21704,301.21704101562506,-5.684341886080802e-14,5.684341886080802e-14
124419,372.1626,372.16259765625006,-5.684341886080802e-14,5.684341886080802e-14
124422,307.3096,307.3096008300782,-5.684341886080802e-14,5.684341886080802e-14
124426,319.1848,319.18481445312506,-5.684341886080802e-14,5.684341886080802e-14
124427,196.137,196.13699340820318,-5.684341886080802e-14,5.684341886080802e-14
124437,280.41696,280.41696166992193,-5.684341886080802e-14,5.684341886080802e-14
124460,204.92593,204.92593383789068,-5.684341886080802e-14,5.684341886080802e-14
124464,303.38562,303.38562011718756,-5.684341886080802e-14,5.684341886080802e-14
124471,250.54347,250.54347229003912,-5.684341886080802e-14,5.684341886080802e-14
124486,310.76596,310.76596069335943,-5.684341886080802e-14,5.684341886080802e-14
124494,236.20883,236.20883178710943,-5.684341886080802e-14,5.684341886080802e-14
124500,287.24002,287.2400207519532,-5.684341886080802e-14,5.684341886080802e-14
124503,299.06018,299.06018066406256,-5.684341886080802e-14,5.684341886080802e-14
124505,232.25098,232.25097656250006,-5.684341886080802e-14,5.684341886080802e-14
124514,243.34808,243.3480834960938,-5.684341886080802e-14,5.684341886080802e-14
124526,200.87282,200.87281799316412,-5.684341886080802e-14,5.684341886080802e-14
124530,196.66681,196.6668090820313,-5.684341886080802e-14,5.684341886080802e-14
124547,329.86615,329.8661499023438,-5.684341886080802e-14,5.684341886080802e-14
124549,324.17996,324.1799621582032,-5.684341886080802e-14,5.684341886080802e-14
124565,229.16153,229.16152954101568,-5.684341886080802e-14,5.684341886080802e-14
124574,273.50568,273.5056762695313,-5.684341886080802e-14,5.684341886080802e-14
124577,215.02339,215.02339172363287,-5.684341886080802e-14,5.684341886080802e-14
124597,188.51202,188.5120239257813,-5.684341886080802e-14,5.684341886080802e-14
124601,247.0533,247.05329895019537,-5.684341886080802e-14,5.684341886080802e-14
124606,190.63777,190.63777160644537,-5.684341886080802e-14,5.684341886080802e-14
124610,191.46059,191.46058654785162,-5.684341886080802e-14,5.684341886080802e-14
124623,280.05798,280.05798339843756,-5.684341886080802e-14,5.684341886080802e-14
124624,217.54695,217.54695129394537,-5.684341886080802e-14,5.684341886080802e-14
124632,246.49954,246.49954223632818,-5.684341886080802e-14,5.684341886080802e-14
124639,220.16193,220.1619262695313,-5.684341886080802e-14,5.684341886080802e-14
124643,280.00003,280.0000305175782,-5.684341886080802e-14,5.684341886080802e-14
124654,235.2614,235.26139831542974,-5.684341886080802e-14,5.684341886080802e-14
124662,335.6573,335.6572875976563,-5.684341886080802e-14,5.684341886080802e-14
124671,303.6065,303.6065063476563,-5.684341886080802e-14,5.684341886080802e-14
124683,201.95038,201.9503784179688,-5.684341886080802e-14,5.684341886080802e-14
124688,270.0622,270.0621948242188,-5.684341886080802e-14,5.684341886080802e-14
124689,296.0939,296.0939025878907,-5.684341886080802e-14,5.684341886080802e-14
124694,203.04633,203.0463256835938,-5.684341886080802e-14,5.684341886080802e-14
124698,273.48575,273.4857482910157,-5.684341886080802e-14,5.684341886080802e-14
124713,200.09016,200.09016418457037,-5.684341886080802e-14,5.684341886080802e-14
124715,240.72255,240.72254943847662,-5.684341886080802e-14,5.684341886080802e-14
124725,206.7255,206.72549438476568,-5.684341886080802e-14,5.684341886080802e-14
124727,241.28113,241.28112792968756,-5.684341886080802e-14,5.684341886080802e-14
124737,219.7078,219.70779418945318,-5.684341886080802e-14,5.684341886080802e-14
124740,289.9796,289.97961425781256,-5.684341886080802e-14,5.684341886080802e-14
124741,386.94165,386.94165039062506,-5.684341886080802e-14,5.684341886080802e-14
124768,192.82571,192.82571411132818,-5.684341886080802e-14,5.684341886080802e-14
124770,385.10416,385.1041564941407,-5.684341886080802e-14,5.684341886080802e-14
124771,187.95601,187.95600891113287,-5.684341886080802e-14,5.684341886080802e-14
124781,282.2442,282.2442016601563,-5.684341886080802e-14,5.684341886080802e-14
124796,330.61392,330.6139221191407,-5.684341886080802e-14,5.684341886080802e-14
124803,296.62885,296.6288452148438,-5.684341886080802e-14,5.684341886080802e-14
124807,240.66777,240.66777038574224,-5.684341886080802e-14,5.684341886080802e-14
124810,325.60138,325.6013793945313,-5.684341886080802e-14,5.684341886080802e-14
124811,227.61679,227.61679077148443,-5.684341886080802e-14,5.684341886080802e-14
124817,309.75104,309.7510375976563,-5.684341886080802e-14,5.684341886080802e-14
